"name","description","price","marketPrice","year","country","condition","category","stock","imageName1","imageName2","imageName3","imageName4","youtubeUrl","bestseller"
"Specimen 001: Brazil 1939","A rare specimen with significant historical value.",6646,7304,1939,"Brazil","Mint","[International, Historical]",22,"stripe_logo.png","#BK49 - Indian Industries Fair- Block of four Stamps India MNH - 1961 -Buy India Stamp - PhilaBasket.Com.jpg.jpg","","","","true"
"Specimen 002: India 2005","Well-preserved item from a private collection.",8171,8331,2005,"India","Used","[Classic, Rarities]",32,"#BK41 - Shivaji - Block of Four - India MNH - 17 Apr 1961 - Buy India Stamps - PhilaBasket (3).jpg","#BK114 - Abul Kalam Azad- Block of four Stamps India MNH - 1966 -Buy India Stamp - PhilaBasket.Com.jpg.jpg","","","https://www.youtube.com/watch?v=dQw4w9WgXcQ","false"
"Specimen 003: India 2007","Highly sought after series with unique characteristics.",5747,6474,2007,"India","Mint","[Classic, Rarities]",10,"#BK31 - Childrens Day - Block of Four - India MNH - 14 Nov 1959 - Buy India Stamps - PhilaBasket.com (2).jpg","","","","https://www.youtube.com/watch?v=dQw4w9WgXcQ","false"
"Specimen 004: Canada 1924","Limited edition release with distinct overprints.",3708,5375,1924,"Canada","Near Mint","[International, Historical]",35,"#BK73 - Wild Life -  (Gaur, Red Panda, Elephant, Tiger, Lion)- Block of four (Set of 5)Stamps India MNH - 1963 -Buy India Stamp - PhilaBasket.Com.jpg","","","","https://www.youtube.com/watch?v=dQw4w9WgXcQ","false"
"Specimen 005: Germany 2011","Limited edition release with distinct overprints.",8078,9097,2011,"Germany","Fine","[Postal History]",33,"#BK131 - Quit India Movement - Block of Four - India MNH - 01 Oct 1967 - Buy India Stamps - PhilaBasket.com (2).jpg","#BK04 - First Anniversary of Independence, Mahatma Gandhi Mourning Issue - Block of Four - India MNH - 15 Aug 1948 - Buy India Stamps - PhilaBasket (8).jpg","#BK16 - Forestry Congress-Dehra Dun- Block of four Stamps India MNH - 1954 -Buy India Stamp - PhilaBasket.Com.jpg.jpg","#BK22 - Universities Centenary - (Bombay, Calcutta , Madras)- Block of four (Set of 3)Stamps India MNH - 1957 -Buy India Stamp - PhilaBasket.Com.jpg.jpg","https://www.youtube.com/watch?v=dQw4w9WgXcQ","false"
"Specimen 006: Russia 1904","A rare specimen with significant historical value.",9286,10941,1904,"Russia","Used","[Commemorative]",32,"#BK115 - Swami Rama Tirtha - Block of Four - India MNH - 11 Nov 1966 - Buy India Stamps - PhilaBasket.com (2).jpg","#BK103 - Vidyapati- Block of four Stamps India MNH - 1965 -Buy India Stamp - PhilaBasket.Com.jpg.jpg","main04.png","","","false"
"Specimen 007: Canada 1966","Essential for any serious philatelist.",7603,8761,1966,"Canada","Mint","[Special Interest]",8,"#BK108 - Dr. B. R. Ambedkar- Block of four Stamps India MNH - 1966 -Buy India Stamp - PhilaBasket.Com.jpg.jpg","#BK15 - 4th World Forestry Congress, Dehradun 1954 - Block of Four - India MNH - 11 Dec 1954 - Buy India Stamps - PhilaBasket.com.jpg","#BK04 - First Anniversary of Independence, Mahatma Gandhi Mourning Issue - Block of Four - India MNH - 15 Aug 1948 - Buy India Stamps - PhilaBasket (4).jpg","#BK08 - First Asian Games - Block of Four - India MNH - 04 Mar 1951 - Buy India Stamps - PhilaBasket.com (3).jpg","","true"
"Specimen 008: Russia 1920","Limited edition release with distinct overprints.",1967,2368,1920,"Russia","Fine","[Commemorative]",25,"#BK95 - Abraham Lincoln - Block of Four - India MNH - 15 Apr 1965 - Buy India Stamps - PhilaBasket.com (4).jpg","#BK116 - Childrens Day - Block of Four - India MNH - 14 Nov 1966 - Buy India Stamps - PhilaBasket.com.jpg","","","","false"
"Specimen 009: Australia 1942","Highly sought after series with unique characteristics.",3005,3326,1942,"Australia","Used","[Postal History]",12,"#BK31 - Childrens Day - Block of Four - India MNH - 14 Nov 1959 - Buy India Stamps - PhilaBasket.com.jpg","#BK73 - Wild Life -  (Gaur, Red Panda, Elephant, Tiger, Lion)- Block of four (Set of 5)Stamps India MNH - 1963 -Buy India Stamp - PhilaBasket (2).jpg","","","","true"
"Specimen 010: France 1911","Essential for any serious philatelist.",1124,1716,1911,"France","Mint","[Postal History]",50,"#BK95 - Abraham Lincoln- Block of four Stamps India MNH - 1965 -Buy India Stamp - PhilaBasket.Com.jpg.jpg","","","","","true"
"Specimen 011: Australia 1878","Limited edition release with distinct overprints.",6399,7211,1878,"Australia","Near Mint","[Special Interest]",1,"#BK99 - Indian Mount Everest Expedition - Block of Four - India MNH - 15 Aug 1965 - Buy India Stamps - PhilaBasket.com.jpg","","","","","true"
"Specimen 012: Russia 1906","Limited edition release with distinct overprints.",7778,8615,1906,"Russia","Near Mint","[Postal History]",7,"#BK31 - Childrens Day - Block of Four - India MNH - 14 Nov 1959 - Buy India Stamps - PhilaBasket.com (3).jpg","","","","https://www.youtube.com/watch?v=dQw4w9WgXcQ","false"
"Specimen 013: USA 1883","Essential for any serious philatelist.",3376,4193,1883,"USA","Mint","[Classic, Rarities]",35,"#BK31 - Childrens Day - Block of Four - India MNH - 14 Nov 1959 - Buy India Stamps - PhilaBasket.com (3).jpg","#BK35 - Subramania Bharati - Block of Four - India MNH - 11 Sep 1960 - Buy India Stamps - PhilaBasket.com.jpg","","","","false"
"Specimen 014: France 1893","Well-preserved item from a private collection.",4312,5851,1893,"France","Mint","[Commemorative]",38,"#BK43 - Motilal Nehru- Block of four Stamps India MNH - 1961 -Buy India Stamp - PhilaBasket.Com.jpg.jpg","#BK22 - Universities Centenary - (Bombay, Calcutta , Madras)- Block of four (Set of 3)Stamps India MNH - 1957 -Buy India Stamp - PhilaBasket.Com.jpg.jpg","#BK05 - 75th Anniversary of Universal Postal Union - Block of Four - India MNH - 10 Oct 1949 - Buy India Stamps - PhilaBasket.com (2).jpg","","","true"
"Specimen 015: Germany 1944","Highly sought after series with unique characteristics.",8377,10120,1944,"Germany","Fine","[Classic, Rarities]",3,"#BK72 - Dr Annie Besant - Block of Four - India MNH - 01 Oct 1963 - Buy India Stamps - PhilaBasket.com.jpg","","","","","false"
"Specimen 016: Russia 1964","Essential for any serious philatelist.",7387,8008,1964,"Russia","Near Mint","[International, Historical]",31,"#BK69 - Red Cross Centenary- Block of four Stamps India MNH - 1963 -Buy India Stamp - PhilaBasket.Com.jpg.jpg","#BK17 - Bal GangaDhar Tilak - Block of Four - India MNH - 23 Jul 1956 - Buy India Stamps - PhilaBasket.com.jpg","","","","true"
"Specimen 017: USA 1862","Highly sought after series with unique characteristics.",4301,6088,1862,"USA","Fine","[Commemorative]",50,"#BK18 - Centenary of Sepoy Mutiny, Rani of Jhansi & Leaping Flames - Block of Four - India MNH - 15 Aug 1957 - Buy India Stamps - PhilaBasket.com.jpg","#BK86 - Raja Rammmohan Roy- Block of four Stamps India MNH - 1964 -Buy India Stamp - PhilaBasket.Com.jpg.jpg","#BK103 - Vidyapati- Block of four Stamps India MNH - 1965 -Buy India Stamp - PhilaBasket.Com.jpg.jpg","","","false"
"Specimen 018: USA 2005","Essential for any serious philatelist.",8343,9884,2005,"USA","Used","[Special Interest]",45,"#BK63 - Conserve Wild Life - Rhinoceros - Block of Four - India MNH - 01 Oct 1962 - Buy India Stamps - PhilaBasket.com (2).jpg","#BK116 - Childrens Day - Block of Four - India MNH - 14 Nov 1966 - Buy India Stamps - PhilaBasket.com.jpg","#BK15 - 4th World Forestry Congress, Dehradun 1954 - Block of Four - India MNH - 11 Dec 1954 - Buy India Stamps - PhilaBasket.com.jpg","","https://www.youtube.com/watch?v=dQw4w9WgXcQ","true"
"Specimen 019: France 1917","Limited edition release with distinct overprints.",8262,9813,1917,"France","Mint","[International, Historical]",30,"#BK63 - Conserve Wild Life - Rhinoceros - Block of Four - India MNH - 01 Oct 1962 - Buy India Stamps - PhilaBasket.com (3).jpg","#BK08 - First Asian Games - Block of Four - India MNH - 04 Mar 1951 - Buy India Stamps - PhilaBasket.com (2).jpg","","","","false"
"Specimen 020: USA 1949","Highly sought after series with unique characteristics.",2098,3115,1949,"USA","Used","[International, Historical]",11,"main02.png","#BK14 - United Nations Day - Block of Four - India MNH - 24 Oct 1954 - Buy India Stamps - PhilaBasket.com.jpg","#BK08 - First Asian Games - Block of Four - India MNH - 04 Mar 1951 - Buy India Stamps - PhilaBasket.com.jpg","#BK31 - Childrens Day - Block of Four - India MNH - 14 Nov 1959 - Buy India Stamps - PhilaBasket.com (2).jpg","","true"
"Specimen 021: France 1969","A rare specimen with significant historical value.",2915,4035,1969,"France","Near Mint","[International, Historical]",38,"main03.png","#BK13 - Telegraph Centenary - Block of four (Set of 2)Stamps India MNH - 1953 -Buy India Stamp - PhilaBasket.Com.jpg.jpg","","","","true"
"Specimen 022: USA 1869","Highly sought after series with unique characteristics.",7699,8708,1869,"USA","Fine","[Special Interest]",46,"#BK86 - Raja Rammmohan Roy- Block of four Stamps India MNH - 1964 -Buy India Stamp - PhilaBasket.Com.jpg.jpg","#BK75 - Declaration of Human Rights- Block of four Stamps India MNH - 1963 -Buy India Stamp - PhilaBasket.Com.jpg.jpeg","","","","true"
"Specimen 023: Brazil 1959","Highly sought after series with unique characteristics.",1065,3020,1959,"Brazil","Mint","[International, Historical]",19,"#BK70 - Defense Campaign - (Artillery and Helicopter, Sentry and Parachutists)- Block of four (Set of 2)Stamps India MNH - 1963 -Buy India Stamp - PhilaBasket.Com.jpg.jpg","#BK83 - Pandit Jawaharlal Nehru - Mourning- Block of four Stamps India MNH - 1964 -Buy India Stamp - PhilaBasket (2).jpg","","","","false"
"Specimen 024: Brazil 2005","Limited edition release with distinct overprints.",806,1308,2005,"Brazil","Near Mint","[International, Historical]",17,"#BK90 - XXII International Geological Congress (New Delhi) - Block of Four - India MNH - 14 Dec 1964 - Buy India Stamps - PhilaBasket.com.jpg","#BK95 - Abraham Lincoln - Block of Four - India MNH - 15 Apr 1965 - Buy India Stamps - PhilaBasket.com (5).jpg","#BK63 - Conserve Wild Life - Rhinoceros - Block of Four - India MNH - 01 Oct 1962 - Buy India Stamps - PhilaBasket.com.jpg","","","true"
"Specimen 025: Brazil 1913","Limited edition release with distinct overprints.",3018,4437,1913,"Brazil","Near Mint","[Special Interest]",29,"#BK08 - First Asian Games - Block of Four - India MNH - 04 Mar 1951 - Buy India Stamps - PhilaBasket.com.jpg","#BK33 - Thiruvalluvar - Block of Four - India MNH - 15 Feb 1960 - Buy India Stamps - PhilaBasket.com (2).jpg","#BK86 - Raja Rammohan Roy - Block of Four - India MNH - 27 Sep 1964 - Buy India Stamps - PhilaBasket.com.jpg","","","false"
"Specimen 026: USA 1854","Essential for any serious philatelist.",4251,4904,1854,"USA","Fine","[International, Historical]",3,"#BK04 - First Anniversary of Independence, Mahatma Gandhi Mourning Issue - Block of Four - India MNH - 15 Aug 1948 - Buy India Stamps - PhilaBasket (10).jpg","#BK18 - Centenary of Sepoy Mutiny, Rani of Jhansi & Leaping Flames - Block of Four - India MNH - 15 Aug 1957 - Buy India Stamps - PhilaBasket.com.jpg","#BK83 - Jawaharlal Nehru 1889 - 1964 - Block of Four - India MNH - 12 Jun 1964 - Buy India Stamps - PhilaBasket.com.jpg","","","false"
"Specimen 027: USA 2000","A rare specimen with significant historical value.",633,773,2000,"USA","Fine","[Postal History]",39,"#BK93 - International Chamber of Commerce- Block of four Stamps India MNH - 1965 -Buy India Stamp - PhilaBasket.Com.jpg.jpg","main01.png","#BK98 - International Cooperation Year - Block of Four - India MNH - 26 Jun 1965 - Buy India Stamps - PhilaBasket.com.jpg","","https://www.youtube.com/watch?v=dQw4w9WgXcQ","false"
"Specimen 028: Japan 1977","Well-preserved item from a private collection.",3971,4800,1977,"Japan","Used","[Special Interest]",37,"#BK72 - Dr Annie Besant - Block of Four - India MNH - 01 Oct 1963 - Buy India Stamps - PhilaBasket (5).jpg","#BK17 - 2500 Budha Jayanthi - (Round Parasol & Bodhi Tree )- Block of four (Set of 2)Stamps India MNH - 1956 -Buy India Stamp - PhilaBasket.Com.jpg.jpg","#BK114 - Abul Kalam Azad- Block of four Stamps India MNH - 1966 -Buy India Stamp - PhilaBasket.Com.jpg.jpg","#BK54 - Bhikaiji cama- Block of four Stamps India MNH - 1962 -Buy India Stamp - PhilaBasket.Com.jpg.jpg","https://www.youtube.com/watch?v=dQw4w9WgXcQ","true"
"Specimen 029: France 1879","Highly sought after series with unique characteristics.",7617,8623,1879,"France","Used","[Postal History]",47,"#BK99 - Everest Expedition- Block of four Stamps India MNH - 1965 -Buy India Stamp - PhilaBasket.Com.jpg.jpg","#BK17 - Bal GangaDhar Tilak - Block of Four - India MNH - 23 Jul 1956 - Buy India Stamps - PhilaBasket.com.jpg","","","https://www.youtube.com/watch?v=dQw4w9WgXcQ","false"
"Specimen 030: Brazil 1926","Limited edition release with distinct overprints.",2112,3239,1926,"Brazil","Near Mint","[Commemorative]",3,"#BK12 - Conquest of Mount Everest - Block of four (Set of 2)Stamps India MNH - 1953 -Buy India Stamp - PhilaBasket.Com.jpg.jpg","#BK114 - Abul Kalam Azad- Block of four Stamps India MNH - 1966 -Buy India Stamp - PhilaBasket.Com.jpg.jpg","#BK41 - Shivaji - Block of Four - India MNH - 17 Apr 1961 - Buy India Stamps - PhilaBasket (2).jpg","","","true"
"Specimen 031: Germany 2021","A rare specimen with significant historical value.",2653,3086,2021,"Germany","Near Mint","[Classic, Rarities]",28,"#BK31 - Childrens Day - Block of Four - India MNH - 14 Nov 1959 - Buy India Stamps - PhilaBasket.com.jpg","#BK14 - United Nations Day - Block of Four - India MNH - 24 Oct 1954 - Buy India Stamps - PhilaBasket.com.jpg","","","","true"
"Specimen 032: Canada 1881","Well-preserved item from a private collection.",6354,6468,1881,"Canada","Fine","[Classic, Rarities]",19,"#BK04 - First Anniversary of Independence, Mahatma Gandhi Mourning Issue - Block of Four - India MNH - 15 Aug 1948 - Buy India Stamps - PhilaBasket (11).jpg","#BK99 - Indian Mount Everest Expedition - Block of Four - India MNH - 15 Aug 1965 - Buy India Stamps - PhilaBasket.com.jpg","#BK40 - 50th Anniversary of First Flight official airmail Flight, Allahabad to Naini - Block of Four - India MNH - 18 Feb 1961 - Buy India Stamps - PhilaBasket.com.jpg","#BK113 - Homi Bhaba - Block of Four - India MNH - 04 Aug 1966 - Buy India Stamps - PhilaBasket.com (2).jpg","","false"
"Specimen 033: Germany 1887","Limited edition release with distinct overprints.",6040,7934,1887,"Germany","Fine","[Commemorative]",27,"#BK72 - Dr Annie Besant - Block of Four - India MNH - 01 Oct 1963 - Buy India Stamps - PhilaBasket (4).jpg","#BK14-~1.JPG","#BK33 - Thiruvalluvar - Block of Four - India MNH - 15 Feb 1960 - Buy India Stamps - PhilaBasket.com.jpg","","https://www.youtube.com/watch?v=dQw4w9WgXcQ","false"
"Specimen 034: Canada 1923","Well-preserved item from a private collection.",7234,8745,1923,"Canada","Used","[Commemorative]",28,"mem.png","#BK85 - Sri Aurobindo- Block of four Stamps India MNH - 1964 -Buy India Stamp - PhilaBasket.Com.jpg.jpg","#BK99 - Everest Expedition- Block of four Stamps India MNH - 1965 -Buy India Stamp - PhilaBasket.Com.jpg.jpg","","","true"
"Specimen 035: Russia 1974","A rare specimen with significant historical value.",5515,7080,1974,"Russia","Near Mint","[Classic, Rarities]",17,"#BK04 - First Anniversary of Independence, Mahatma Gandhi Mourning Issue - Block of Four - India MNH - 15 Aug 1948 - Buy India Stamps - PhilaBasket (11).jpg","","","","","true"
"Specimen 036: Russia 1862","Essential for any serious philatelist.",9497,9970,1862,"Russia","Fine","[Postal History]",49,"#BK06 - Inauguration of Republic of India - Block of Four - India MNH - 26 Jan 1950 - Buy India Stamps - PhilaBasket (2).jpg","#BK40 - Tyagaraja- Block of four Stamps India MNH - 1961 -Buy India Stamp - PhilaBasket.Com.jpg.jpg","#BK115 - Swami Rama Tirtha - Block of Four - India MNH - 11 Nov 1966 - Buy India Stamps - PhilaBasket.com (2).jpg","#BK63 - Conserve Wild Life - Rhinoceros - Block of Four - India MNH - 01 Oct 1962 - Buy India Stamps - PhilaBasket.com (2).jpg","","false"
"Specimen 037: Germany 1926","Limited edition release with distinct overprints.",4385,4708,1926,"Germany","Fine","[Classic, Rarities]",13,"bal.jpg","#BK18 - Centenary of Sepoy Mutiny, Rani of Jhansi & Leaping Flames - Block of Four - India MNH - 15 Aug 1957 - Buy India Stamps - PhilaBasket.com (2).jpg","","","","true"
"Specimen 038: India 1897","A rare specimen with significant historical value.",9678,11483,1897,"India","Near Mint","[Special Interest]",12,"#BK11 - Railway Centenary- Block of four Stamps India MNH - 1953 -Buy India Stamp - PhilaBasket.Com.jpg.jpg","","","","https://www.youtube.com/watch?v=dQw4w9WgXcQ","true"
"Specimen 039: USA 1934","Limited edition release with distinct overprints.",4311,4989,1934,"USA","Fine","[Special Interest]",20,"#BK16 - Forestry Congress-Dehra Dun- Block of four Stamps India MNH - 1954 -Buy India Stamp - PhilaBasket.Com.jpg.jpg","#BK41-~2.JPG","#BK113 - Homi Bhaba - Block of Four - India MNH - 04 Aug 1966 - Buy India Stamps - PhilaBasket.com (3).jpg","","https://www.youtube.com/watch?v=dQw4w9WgXcQ","true"
"Specimen 040: Australia 1846","Essential for any serious philatelist.",3268,4474,1846,"Australia","Mint","[Special Interest]",33,"#BK43 - Motilal Nehru- Block of four Stamps India MNH - 1961 -Buy India Stamp - PhilaBasket.Com.jpg.jpg","#BK99 - Indian Mount Everest Expedition - Block of Four - India MNH - 15 Aug 1965 - Buy India Stamps - PhilaBasket.com.jpg","#BK03 - Inauguration of Air India International - UK Air Service - Block of Four - India MNH - 29 May 1948 - Buy India Stamps - PhilaBasket.com.jpg","#BK95 - Abraham Lincoln- Block of four Stamps India MNH - 1965 -Buy India Stamp - PhilaBasket.Com.jpg.jpg","","true"
"Specimen 041: Great Britain 1889","A rare specimen with significant historical value.",2994,3451,1889,"Great Britain","Near Mint","[Commemorative]",36,"#BK79 - Netaji Subhash Chandra Bose  and INA Insignia- Block of four (Set of 2)Stamps India MNH - 1964 -Buy India Stamp - PhilaBasket.Com.jpg.jpg","","","","","true"
"Specimen 042: USA 1873","Essential for any serious philatelist.",4446,5207,1873,"USA","Used","[Postal History]",24,"#BK95 - Abraham Lincoln - Block of Four - India MNH - 15 Apr 1965 - Buy India Stamps - PhilaBasket.com (4).jpg","#BK07 - Geological Survey of India - Block of Four - India MNH - 13 Jan 1951 - Buy India Stamps - PhilaBasket.com (3).jpg","#BK73 - Wild Life -  (Gaur, Red Panda, Elephant, Tiger, Lion)- Block of four (Set of 5)Stamps India MNH - 1963 -Buy India Stamp - PhilaBasket.Com (1).jpg","","","true"
"Specimen 043: Japan 1878","Essential for any serious philatelist.",4164,4272,1878,"Japan","Fine","[Special Interest]",3,"#BK95 - Abraham Lincoln- Block of four Stamps India MNH - 1965 -Buy India Stamp - PhilaBasket.Com.jpg.jpg","#BK96 - International Telecommunication Union - Block of Four - India MNH - 17 May 1965 - Buy India Stamps - PhilaBasket.com.jpg","#BK04 - First Anniversary of Independence, Mahatma Gandhi Mourning Issue - Block of Four - India MNH - 15 Aug 1948 - Buy India Stamps - PhilaBasket (11).jpg","","","false"
"Specimen 044: Canada 1968","Essential for any serious philatelist.",9808,10265,1968,"Canada","Used","[International, Historical]",43,"#BK72 - Dr Annie Besant - Block of Four - India MNH - 01 Oct 1963 - Buy India Stamps - PhilaBasket.com.jpg","#BK15 - 4th World Forestry Congress, Dehradun 1954 - Block of Four - India MNH - 11 Dec 1954 - Buy India Stamps - PhilaBasket.com.jpg","#BK06 - Inauguration of Republic of India - Block of Four - India MNH - 26 Jan 1950 - Buy India Stamps - PhilaBasket (1).jpg","#BK15 - United Nations Day- Block of four Stamps India MNH - 1954 -Buy India Stamp - PhilaBasket.Com.jpg.jpg","https://www.youtube.com/watch?v=dQw4w9WgXcQ","true"
"Specimen 045: Brazil 1893","Well-preserved item from a private collection.",7193,7317,1893,"Brazil","Used","[Classic, Rarities]",25,"#BK04 - First Anniversary of Independence, Mahatma Gandhi Mourning Issue - Block of Four - India MNH - 15 Aug 1948 - Buy India Stamps - PhilaBasket (8).jpg","","","","","true"
"Specimen 046: USA 1936","Essential for any serious philatelist.",5028,5324,1936,"USA","Mint","[International, Historical]",19,"#BK83 - Pandit Jawaharlal Nehru - Mourning- Block of four Stamps India MNH - 1964 -Buy India Stamp - PhilaBasket.com (3).jpg","#BK75 - Declaration of Human Rights- Block of four Stamps India MNH - 1963 -Buy India Stamp - PhilaBasket.Com.jpg.jpeg","","","","true"
"Specimen 047: Australia 1881","Well-preserved item from a private collection.",4587,4824,1881,"Australia","Near Mint","[Special Interest]",11,"#BK73 - Wild Life -  (Gaur, Red Panda, Elephant, Tiger, Lion)- Block of four (Set of 5)Stamps India MNH - 1963 -Buy India Stamp - PhilaBasket (1).jpg","#BK72 - Dr Annie Besant - Block of Four - India MNH - 01 Oct 1963 - Buy India Stamps - PhilaBasket (3).jpg","#BK70 - Defense Campaign - (Artillery and Helicopter, Sentry and Parachutists)- Block of four (Set of 2)Stamps India MNH - 1963 -Buy India Stamp - PhilaBasket.Com.jpg.jpg","","","false"
"Specimen 048: Australia 1990","Essential for any serious philatelist.",8886,9157,1990,"Australia","Near Mint","[Classic, Rarities]",50,"#BK02 - National Flag - Indian Independence - Block of Four - India MNH -  15 Dec 1947 - Buy India Stamps - PhilaBasket.com.jpg","#BK95 - Abraham Lincoln - Block of Four - India MNH - 15 Apr 1965 - Buy India Stamps - PhilaBasket.com.jpg","#BK86 - Raja Rammmohan Roy- Block of four Stamps India MNH - 1964 -Buy India Stamp - PhilaBasket.Com.jpg.jpg","#BK40 - 50th Anniversary of First Flight official airmail Flight, Allahabad to Naini - Block of Four - India MNH - 18 Feb 1961 - Buy India Stamps - PhilaBasket.com (2).jpg","","false"
"Specimen 049: Great Britain 1966","Limited edition release with distinct overprints.",4932,6619,1966,"Great Britain","Near Mint","[Commemorative]",26,"#BK114 - Abul Kalam Azad- Block of four Stamps India MNH - 1966 -Buy India Stamp - PhilaBasket.Com.jpg.jpg","#BK99 - Indian Mount Everest Expedition - Block of Four - India MNH - 15 Aug 1965 - Buy India Stamps - PhilaBasket.com.jpg","#BK31 - International Labour Organisation- Block of four Stamps India MNH - 1959 -Buy India Stamp - PhilaBasket.Com.jpg.jpg","","","true"
"Specimen 050: Australia 1957","A rare specimen with significant historical value.",2270,3618,1957,"Australia","Used","[International, Historical]",16,"#BK79 - Netaji Subhash Chandra Bose  and INA Insignia- Block of four (Set of 2)Stamps India MNH - 1964 -Buy India Stamp - PhilaBasket.Com.jpg.jpg","#BK07 - Geological Survey of India - Block of Four - India MNH - 13 Jan 1951 - Buy India Stamps - PhilaBasket.com (3).jpg","","","","true"
"Specimen 051: France 1844","Well-preserved item from a private collection.",8991,10119,1844,"France","Near Mint","[Postal History]",42,"#BK41 - Shivaji - Block of Four - India MNH - 17 Apr 1961 - Buy India Stamps - PhilaBasket (1).jpeg","120px-Bankim_Chandra_Chatterjee_1969_stamp_of_India.jpg","","","","false"
"Specimen 052: Great Britain 1913","Well-preserved item from a private collection.",8851,10638,1913,"Great Britain","Near Mint","[Special Interest]",8,"#BK04 - First Anniversary of Independence, Mahatma Gandhi Mourning Issue - Block of Four - India MNH - 15 Aug 1948 - Buy India Stamps - PhilaBasket (3).jpg","","","","","false"
"Specimen 053: USA 1899","Highly sought after series with unique characteristics.",9486,11289,1899,"USA","Fine","[Classic, Rarities]",5,"#BK115 - Swami Rama Tirtha - Block of Four - India MNH - 11 Nov 1966 - Buy India Stamps - PhilaBasket.com (2).jpg","#BK83 - Pandit Jawaharlal Nehru - Mourning- Block of four Stamps India MNH - 1964 -Buy India Stamp - PhilaBasket.Com.jpg","#BK86 - Raja Rammohan Roy - Block of Four - India MNH - 27 Sep 1964 - Buy India Stamps - PhilaBasket.com.jpg","#BK117 - Allahabad High Court - Block of Four - India MNH - 25 Nov 1966 - Buy India Stamps - PhilaBasket.com (2).jpg","","false"
"Specimen 054: Russia 1921","A rare specimen with significant historical value.",7431,8042,1921,"Russia","Near Mint","[Postal History]",9,"#BK67 - Kalidasa (428) overprint- Block of four  India MNH - 1963 -Buy India Stamp - PhilaBasket.Com.jpg.jpg","","","","","true"
"Specimen 055: Japan 1963","A rare specimen with significant historical value.",4105,5745,1963,"Japan","Mint","[Classic, Rarities]",40,"#BK14 - United Nations Day - Block of Four - India MNH - 24 Oct 1954 - Buy India Stamps - PhilaBasket.com.jpg","#BK05 - 75th Anniversary of Universal Postal Union - Block of Four - India MNH - 10 Oct 1949 - Buy India Stamps - PhilaBasket.com.jpg","","","","true"
"Specimen 056: Germany 1852","Limited edition release with distinct overprints.",2254,3647,1852,"Germany","Used","[International, Historical]",1,"#BK06 - Inauguration of Republic of India - Block of Four - India MNH - 26 Jan 1950 - Buy India Stamps - PhilaBasket (2).jpg","","","","https://www.youtube.com/watch?v=dQw4w9WgXcQ","true"
"Specimen 057: Russia 2006","Essential for any serious philatelist.",5397,6042,2006,"Russia","Used","[Classic, Rarities]",40,"#BK130 - Dr. Sarvepalli Radhakrishnan- Block of four Stamps India MNH - 1967 -Buy India Stamp - PhilaBasket.Com.jpg.jpg","","","","","true"
"Specimen 058: Great Britain 1990","Highly sought after series with unique characteristics.",8402,9072,1990,"Great Britain","Mint","[Postal History]",38,"#BK63 - Conserve Wild Life - Rhinoceros - Block of Four - India MNH - 01 Oct 1962 - Buy India Stamps - PhilaBasket.com (2).jpg","","","","https://www.youtube.com/watch?v=dQw4w9WgXcQ","true"
"Specimen 059: Canada 1907","Well-preserved item from a private collection.",9494,10702,1907,"Canada","Mint","[International, Historical]",22,"#BK90 - XXII International Geological Congress (New Delhi) - Block of Four - India MNH - 14 Dec 1964 - Buy India Stamps - PhilaBasket (2).jpg","#BK121 - General Election - Block of Four - India MNH - 13 Jan 1967 - Buy India Stamps - PhilaBasket.com.jpg","#BK105 - Jai Jawan- Block of four Stamps India MNH - 1966 -Buy India Stamp - PhilaBasket.Com.jpg.jpg","","https://www.youtube.com/watch?v=dQw4w9WgXcQ","true"
"Specimen 060: USA 1905","Essential for any serious philatelist.",4815,5861,1905,"USA","Near Mint","[Commemorative]",18,"#BK04 - First Anniversary of Independence, Mahatma Gandhi Mourning Issue - Block of Four - India MNH - 15 Aug 1948 - Buy India Stamps - PhilaBasket (2).jpg","#BK09 - Indian Saints and Poets - Kabir das, Surdas, Tulsidas, Meera, Galib, RavindraNath Tagore - Block of Four - India MNH - 01 Oct 1952 - Buy India Stamps - PhilaBasket.com.jpg","#BK115 - Swami Rama Tirtha - Block of Four - India MNH - 11 Nov 1966 - Buy India Stamps - PhilaBasket.com.jpg","","","false"
"Specimen 061: USA 1973","Well-preserved item from a private collection.",2405,3746,1973,"USA","Used","[Postal History]",40,"#BK31 - Childrens Day - Block of Four - India MNH - 14 Nov 1959 - Buy India Stamps - PhilaBasket.com.jpg","#BK73 - Wild Life -  (Gaur, Red Panda, Elephant, Tiger, Lion)- Block of four (Set of 5)Stamps India MNH - 1963 -Buy India Stamp - PhilaBasket.Com.jpg","#BK98 - International Cooperation Year- Block of four Stamps India MNH - 1965 -Buy India Stamp - PhilaBasket.Com.jpg.jpg","","","false"
"Specimen 062: Russia 1983","Essential for any serious philatelist.",6893,7244,1983,"Russia","Near Mint","[Commemorative]",20,"#BK75 - Declaration of Human Rights- Block of four Stamps India MNH - 1963 -Buy India Stamp - PhilaBasket.Com.jpg.jpeg","#BK22 - Universities Centenary - (Bombay, Calcutta , Madras)- Block of four (Set of 3)Stamps India MNH - 1957 -Buy India Stamp - PhilaBasket.Com.jpg.jpg","","","","true"
"Specimen 063: Germany 1862","A rare specimen with significant historical value.",6447,7784,1862,"Germany","Used","[Commemorative]",5,"#BK08 - First Asian Games - Block of Four - India MNH - 04 Mar 1951 - Buy India Stamps - PhilaBasket.com (3).jpg","#BK08 - First Asian Games - Block of Four - India MNH - 04 Mar 1951 - Buy India Stamps - PhilaBasket.com.jpg","#BK14 - United Nations Day - Block of Four - India MNH - 24 Oct 1954 - Buy India Stamps - PhilaBasket.com.jpg","","https://www.youtube.com/watch?v=dQw4w9WgXcQ","true"
"Specimen 064: Russia 2011","Limited edition release with distinct overprints.",7755,9019,2011,"Russia","Near Mint","[International, Historical]",6,"#BK41 - Shivaji - Block of Four - India MNH - 17 Apr 1961 - Buy India Stamps - PhilaBasket (3).jpg","#BK95 - Abraham Lincoln - Block of Four - India MNH - 15 Apr 1965 - Buy India Stamps - PhilaBasket.com (4).jpg","","","https://www.youtube.com/watch?v=dQw4w9WgXcQ","true"
"Specimen 065: France 1855","Essential for any serious philatelist.",8334,8741,1855,"France","Fine","[Postal History]",31,"#BK21 - Childrens Day - (Boy eating banana, Girl writing on a slate, Toy Horse)- Block of four (Set of 3)Stamps India MNH - 1957 -Buy India Stamp - PhilaBasket.Com (1).jpg","","","","https://www.youtube.com/watch?v=dQw4w9WgXcQ","false"
"Specimen 066: India 1979","Well-preserved item from a private collection.",7245,9125,1979,"India","Used","[Commemorative]",50,"#BK73 - Wild Life -  (Gaur, Red Panda, Elephant, Tiger, Lion)- Block of four (Set of 5)Stamps India MNH - 1963 -Buy India Stamp - PhilaBasket.Com (1).jpg","#BK76 - International Congress of Orientalists, New Delhi - Block of Four - India MNH - 04 Jan 1964 - Buy India Stamps - PhilaBasket.com.jpg","#BK04 - First Anniversary of Independence, Mahatma Gandhi Mourning Issue - Block of Four - India MNH - 15 Aug 1948 - Buy India Stamps - PhilaBasket (8).jpg","","https://www.youtube.com/watch?v=dQw4w9WgXcQ","false"
"Specimen 067: Germany 2013","Highly sought after series with unique characteristics.",7599,9271,2013,"Germany","Fine","[Classic, Rarities]",20,"#BK112 - Maharaja Ranjit Singh - Block of Four - India MNH - 28 Jun 1966 - Buy India Stamps - PhilaBasket.com.jpg","","","","","true"
"Specimen 068: Brazil 1887","Well-preserved item from a private collection.",4180,5036,1887,"Brazil","Fine","[Commemorative]",14,"#BK41-~2.JPG","#BK95 - Abraham Lincoln - Block of Four - India MNH - 15 Apr 1965 - Buy India Stamps - PhilaBasket.com (5).jpg","","","https://www.youtube.com/watch?v=dQw4w9WgXcQ","false"
"Specimen 069: Russia 1899","Highly sought after series with unique characteristics.",1343,2843,1899,"Russia","Used","[Postal History]",41,"#BK72 - Dr Annie Besant - Block of Four - India MNH - 01 Oct 1963 - Buy India Stamps - PhilaBasket (5).jpg","","","","https://www.youtube.com/watch?v=dQw4w9WgXcQ","true"
"Specimen 070: Germany 1859","Limited edition release with distinct overprints.",1698,2738,1859,"Germany","Mint","[International, Historical]",23,"#BK131 - Quit India Movement- Block of four Stamps India MNH - 1967 -Buy India Stamp - PhilaBasket.Com.jpg.jpg","main04.png","","","","true"
"Specimen 071: Canada 1938","Essential for any serious philatelist.",6774,7414,1938,"Canada","Used","[Classic, Rarities]",35,"#BK106 - Lal Bahadur Shastri - Block of Four - India MNH - 26 Jan 1966 - Buy India Stamps - PhilaBasket.com.jpg","","","","","false"
"Specimen 072: Japan 2002","Well-preserved item from a private collection.",8168,8717,2002,"Japan","Fine","[Classic, Rarities]",33,"#BK117 - Allahabad High Court- Block of four Stamps India MNH - 1966 -Buy India Stamp - PhilaBasket.Com.jpg.jpg","#BK90 - XXII International Geological Congress (New Delhi) - Block of Four - India MNH - 14 Dec 1964 - Buy India Stamps - PhilaBasket.com (2).jpg","#BK124 - Nandalal Bose- Block of four Stamps India MNH - 1967 -Buy India Stamp - PhilaBasket.Com.jpg.jpg","#BK86 - Raja Rammohan Roy - Block of Four - India MNH - 27 Sep 1964 - Buy India Stamps - PhilaBasket.com.jpg","","false"
"Specimen 073: France 1954","Highly sought after series with unique characteristics.",9756,10508,1954,"France","Near Mint","[Classic, Rarities]",28,"#BK06 - Inauguration of Republic of India - Block of Four - India MNH - 26 Jan 1950 - Buy India Stamps - PhilaBasket.com.jpg","#BK17 - 2500 Budha Jayanthi - (Round Parasol & Bodhi Tree )- Block of four (Set of 2)Stamps India MNH - 1956 -Buy India Stamp - PhilaBasket.Com.jpg.jpg","#BK33 - Thiruvalluvar - Block of Four - India MNH - 15 Feb 1960 - Buy India Stamps - PhilaBasket.com (2).jpg","","","false"
"Specimen 074: Great Britain 1890","Highly sought after series with unique characteristics.",1427,2600,1890,"Great Britain","Near Mint","[Special Interest]",24,"#BK67 - Kalidasa (428) overprint- Block of four  India MNH - 1963 -Buy India Stamp - PhilaBasket.Com.jpg.jpg","#BK43 - Motilal Nehru- Block of four Stamps India MNH - 1961 -Buy India Stamp - PhilaBasket.Com.jpg.jpg","","","https://www.youtube.com/watch?v=dQw4w9WgXcQ","false"
"Specimen 075: India 1956","A rare specimen with significant historical value.",1376,2148,1956,"India","Used","[Postal History]",17,"#BK101 - Sardar Vallabhbhai Patel - Block of Four - India MNH - 31 Oct 1965 - Buy India Stamps - PhilaBasket.com.jpg","#BK04 - First Anniversary of Independence, Mahatma Gandhi Mourning Issue - Block of Four - India MNH - 15 Aug 1948 - Buy India Stamps - PhilaBasket (6).jpg","#BK95 - Abraham Lincoln - Block of Four - India MNH - 15 Apr 1965 - Buy India Stamps - PhilaBasket.com (4).jpg","","https://www.youtube.com/watch?v=dQw4w9WgXcQ","true"
"Specimen 076: India 1859","A rare specimen with significant historical value.",2441,2586,1859,"India","Mint","[Postal History]",32,"#BK113 - Homi Bhaba - Block of Four - India MNH - 04 Aug 1966 - Buy India Stamps - PhilaBasket.com (3).jpg","","","","https://www.youtube.com/watch?v=dQw4w9WgXcQ","true"
"Specimen 077: Canada 1902","Essential for any serious philatelist.",3572,3835,1902,"Canada","Used","[Classic, Rarities]",8,"#BK13 - Telegraph Centenary - Block of four (Set of 2)Stamps India MNH - 1953 -Buy India Stamp - PhilaBasket.Com.jpg.jpg","","","","","true"
"Specimen 078: Japan 1941","Essential for any serious philatelist.",7062,9038,1941,"Japan","Near Mint","[International, Historical]",6,"#BK95 - Abraham Lincoln - Block of Four - India MNH - 15 Apr 1965 - Buy India Stamps - PhilaBasket.com (4).jpg","#BK131 - Quit India Movement - Block of Four - India MNH - 01 Oct 1967 - Buy India Stamps - PhilaBasket.com.jpg","#BK83 - Pandit Jawaharlal Nehru - Mourning- Block of four Stamps India MNH - 1964 -Buy India Stamp - PhilaBasket (2).jpg","","https://www.youtube.com/watch?v=dQw4w9WgXcQ","false"
"Specimen 079: France 1970","Essential for any serious philatelist.",8423,8526,1970,"France","Mint","[International, Historical]",6,"#BK83 - Pandit Jawaharlal Nehru - Mourning- Block of four Stamps India MNH - 1964 -Buy India Stamp - PhilaBasket.com (3).jpg","#BK33 - Thiruvalluvar - Block of Four - India MNH - 15 Feb 1960 - Buy India Stamps - PhilaBasket.com (2).jpg","#BK96 - International Telecommunication Union - Block of Four - India MNH - 17 May 1965 - Buy India Stamps - PhilaBasket.com.jpg","","","false"
"Specimen 080: France 2009","Well-preserved item from a private collection.",613,2524,2009,"France","Used","[Classic, Rarities]",13,"#BK15 - United Nations Day- Block of four Stamps India MNH - 1954 -Buy India Stamp - PhilaBasket.Com.jpg.jpg","","","","","false"
"Specimen 081: France 1999","Limited edition release with distinct overprints.",1849,2738,1999,"France","Used","[International, Historical]",9,"#BK20 - Red Cross- Block of four Stamps India MNH - 1957 -Buy India Stamp - PhilaBasket.Com.jpg.jpg","#BK63 - Conserve Wild Life - Rhinoceros - Block of Four - India MNH - 01 Oct 1962 - Buy India Stamps - PhilaBasket.com.jpg","#BK83 - Pandit Jawaharlal Nehru - Mourning- Block of four Stamps India MNH - 1964 -Buy India Stamp - PhilaBasket.Com (2).jpg","#BK01 - Jay Hind - Indian Independence - Block of Four - India MNH - 21 Nov 1947 - Buy India Stamps - PhilaBasket (1).jpg","","false"
"Specimen 082: USA 1909","Well-preserved item from a private collection.",6078,6832,1909,"USA","Used","[International, Historical]",46,"#BK93 - International Chamber of Commerce- Block of four Stamps India MNH - 1965 -Buy India Stamp - PhilaBasket.Com.jpg.jpg","","","","","false"
"Specimen 083: Germany 1951","Limited edition release with distinct overprints.",5663,6311,1951,"Germany","Used","[Postal History]",9,"#BK02 - National Flag - Indian Independence - Block of Four - India MNH - 15 Dec 1947 - Buy India Stamps - PhilaBasket.com.jpg","#BK04 - First Anniversary of Independence, Mahatma Gandhi Mourning Issue - Block of Four - India MNH - 15 Aug 1948 - Buy India Stamps - PhilaBasket (4).jpg","","","https://www.youtube.com/watch?v=dQw4w9WgXcQ","true"
"Specimen 084: Japan 1853","Highly sought after series with unique characteristics.",1348,2015,1853,"Japan","Fine","[Postal History]",35,"#BK40 - 50th Anniversary of First Flight official airmail Flight, Allahabad to Naini - Block of Four - India MNH - 18 Feb 1961 - Buy India Stamps - PhilaBasket.com.jpg","#BK10 - Saints and poets - (Kabir, Tulsidas, MiraBai, Surdas, Mirza Galib, Rabindranath Tagore) - Block of four (Set of 6)Stamps India MNH - 1952 -Buy India Stamp - PhilaBasket.Com.jpg.jpg","","","","false"
"Specimen 085: Australia 1961","Limited edition release with distinct overprints.",5314,6304,1961,"Australia","Mint","[Postal History]",42,"#BK25 - IAF Silver Jubilee- Block of four (Set of 2)Stamps India MNH - 1958 -Buy India Stamp - PhilaBasket.Com.jpg.jpg","#BK83 - Pandit Jawaharlal Nehru - Mourning- Block of four Stamps India MNH - 1964 -Buy India Stamp - PhilaBasket (2).jpg","","","","true"
"Specimen 086: Germany 1914","A rare specimen with significant historical value.",4473,5809,1914,"Germany","Used","[Commemorative]",38,"#BK31 - Childrens Day - Block of Four - India MNH - 14 Nov 1959 - Buy India Stamps - PhilaBasket.com (3).jpg","#BK113 - Homi Bhaba - Block of Four - India MNH - 04 Aug 1966 - Buy India Stamps - PhilaBasket.com (3).jpg","","","https://www.youtube.com/watch?v=dQw4w9WgXcQ","false"
"Specimen 087: Canada 1864","Limited edition release with distinct overprints.",6004,6198,1864,"Canada","Near Mint","[Commemorative]",13,"#BK22 - Universities Centenary - (Bombay, Calcutta , Madras)- Block of four (Set of 3)Stamps India MNH - 1957 -Buy India Stamp - PhilaBasket.Com.jpg.jpg","#BK04 - First Anniversary of Independence, Mahatma Gandhi Mourning Issue - Block of Four - India MNH - 15 Aug 1948 - Buy India Stamps - PhilaBasket (4).jpg","#BK70 - Defense Campaign - (Artillery and Helicopter, Sentry and Parachutists)- Block of four (Set of 2)Stamps India MNH - 1963 -Buy India Stamp - PhilaBasket.Com.jpg.jpg","","","false"
"Specimen 088: Great Britain 1890","A rare specimen with significant historical value.",6611,8248,1890,"Great Britain","Mint","[International, Historical]",18,"#BK12 - Conquest of Mount Everest - Block of four (Set of 2)Stamps India MNH - 1953 -Buy India Stamp - PhilaBasket.Com.jpg.jpg","#BK46 - Prafulla Chandra Ray- Block of four Stamps India MNH - 1961 -Buy India Stamp - PhilaBasket.Com.jpg.jpg","#BK85 - Sri Aurobindo- Block of four Stamps India MNH - 1964 -Buy India Stamp - PhilaBasket.Com.jpg.jpg","#BK40 - 50th Anniversary of First Flight official airmail Flight, Allahabad to Naini - Block of Four - India MNH - 18 Feb 1961 - Buy India Stamps - PhilaBasket.com.jpg","","true"
"Specimen 089: Russia 1903","Limited edition release with distinct overprints.",2061,3142,1903,"Russia","Fine","[International, Historical]",34,"#BK99 - Everest Expedition- Block of four Stamps India MNH - 1965 -Buy India Stamp - PhilaBasket.Com.jpg.jpg","#BK10 - Saints and poets - (Kabir, Tulsidas, MiraBai, Surdas, Mirza Galib, Rabindranath Tagore) - Block of four (Set of 6)Stamps India MNH - 1952 -Buy India Stamp - PhilaBasket.Com.jpg.jpg","#BK20 - Red Cross- Block of four Stamps India MNH - 1957 -Buy India Stamp - PhilaBasket.Com.jpg.jpg","","","true"
"Specimen 090: Germany 1883","Well-preserved item from a private collection.",9502,10714,1883,"Germany","Used","[Postal History]",20,"#BK69 - Red Cross Centenary- Block of four Stamps India MNH - 1963 -Buy India Stamp - PhilaBasket.Com.jpg.jpg","","","","https://www.youtube.com/watch?v=dQw4w9WgXcQ","false"
"Specimen 091: Brazil 1905","Well-preserved item from a private collection.",5250,6548,1905,"Brazil","Used","[Commemorative]",11,"#BK03 - Inauguration of Air India International - UK Air Service - Block of Four - India MNH - 29 May 1948 - Buy India Stamps - PhilaBasket.com.jpg","#BK33 - Thiruvalluvar - Block of Four - India MNH - 15 Feb 1960 - Buy India Stamps - PhilaBasket.com.jpg","","","","false"
"Specimen 092: Australia 1982","Limited edition release with distinct overprints.",7299,9252,1982,"Australia","Used","[Special Interest]",40,"#BK04 - First Anniversary of Independence, Mahatma Gandhi Mourning Issue - Block of Four - India MNH - 15 Aug 1948 - Buy India Stamps - PhilaBasket (4).jpg","#BK131 - Quit India Movement- Block of four Stamps India MNH - 1967 -Buy India Stamp - PhilaBasket.Com.jpg.jpg","#BK06 - Inauguration of Republic of India - Block of Four - India MNH - 26 Jan 1950 - Buy India Stamps - PhilaBasket.com.jpg","#BK17 - 2500 Budha Jayanthi - (Round Parasol & Bodhi Tree )- Block of four (Set of 2)Stamps India MNH - 1956 -Buy India Stamp - PhilaBasket.com.jpg","https://www.youtube.com/watch?v=dQw4w9WgXcQ","true"
"Specimen 093: Australia 1991","Limited edition release with distinct overprints.",8302,9139,1991,"Australia","Near Mint","[Special Interest]",25,"#BK33 - Thiruvalluvar - Block of Four - India MNH - 15 Feb 1960 - Buy India Stamps - PhilaBasket.com (2).jpg","#BK83 - Pandit Jawaharlal Nehru - Mourning- Block of four Stamps India MNH - 1964 -Buy India Stamp - PhilaBasket (2).jpg","","","https://www.youtube.com/watch?v=dQw4w9WgXcQ","true"
"Specimen 094: Germany 1899","Well-preserved item from a private collection.",700,2021,1899,"Germany","Used","[International, Historical]",8,"#BK73 - Wild Life -  (Gaur, Red Panda, Elephant, Tiger, Lion)- Block of four (Set of 5)Stamps India MNH - 1963 -Buy India Stamp - PhilaBasket (1).jpg","","","","","false"
"Specimen 095: France 1869","Essential for any serious philatelist.",4802,6295,1869,"France","Used","[Commemorative]",44,"main03.png","#BK95 - Abraham Lincoln- Block of four Stamps India MNH - 1965 -Buy India Stamp - PhilaBasket.Com.jpg.jpg","#BK77 - Utkalmani Pandit Gopabandhu Das- Block of four Stamps India MNH - 1964 -Buy India Stamp - PhilaBasket.Com.jpg.jpg","","","true"
"Specimen 096: India 2001","Limited edition release with distinct overprints.",5013,6426,2001,"India","Used","[Classic, Rarities]",2,"#BK114 - Abul Kalam Azad - Block of Four - India MNH - 11 Nov 1966 - Buy India Stamps - PhilaBasket.com.jpg","#BK04 - First Anniversary of Independence, Mahatma Gandhi Mourning Issue - Block of Four - India MNH - 15 Aug 1948 - Buy India Stamps - PhilaBasket (5).jpg","","","","true"
"Specimen 097: Russia 1899","A rare specimen with significant historical value.",6399,8352,1899,"Russia","Near Mint","[Special Interest]",2,"#BK72 - Dr Annie Besant - Block of Four - India MNH - 01 Oct 1963 - Buy India Stamps - PhilaBasket (5).jpg","#BK69 - Red Cross Centenary- Block of four Stamps India MNH - 1963 -Buy India Stamp - PhilaBasket.Com.jpg.jpg","#BK124 - Nandalal Bose- Block of four Stamps India MNH - 1967 -Buy India Stamp - PhilaBasket.Com.jpg.jpg","#BK70 - Defense Campaign - (Artillery and Helicopter, Sentry and Parachutists)- Block of four (Set of 2)Stamps India MNH - 1963 -Buy India Stamp - PhilaBasket.Com.jpg.jpg","https://www.youtube.com/watch?v=dQw4w9WgXcQ","true"
"Specimen 098: Russia 1957","Highly sought after series with unique characteristics.",3089,4683,1957,"Russia","Mint","[Postal History]",42,"#BK121 - General Election - Block of Four - India MNH - 13 Jan 1967 - Buy India Stamps - PhilaBasket.com.jpg","#BK04 - First Anniversary of Independence, Mahatma Gandhi Mourning Issue - Block of Four - India MNH - 15 Aug 1948 - Buy India Stamps - PhilaBasket (6).jpg","#BK41 - Shivaji - Block of Four - India MNH - 17 Apr 1961 - Buy India Stamps - PhilaBasket (2).jpg","#BK04 - First Anniversary of Independence, Mahatma Gandhi Mourning Issue - Block of Four - India MNH - 15 Aug 1948 - Buy India Stamps - PhilaBasket (1).jpg","","true"
"Specimen 099: USA 1875","Limited edition release with distinct overprints.",828,2560,1875,"USA","Fine","[Commemorative]",10,"#BK41 - Shivaji - Block of Four - India MNH - 17 Apr 1961 - Buy India Stamps - PhilaBasket.com.jpg","#BK76 - International Congress of Orientalists, New Delhi - Block of Four - India MNH - 04 Jan 1964 - Buy India Stamps - PhilaBasket.com (2).jpg","","","","false"
"Specimen 100: Australia 1894","Essential for any serious philatelist.",3976,4404,1894,"Australia","Fine","[Commemorative]",13,"#BK73 - Wild Life -  (Gaur, Red Panda, Elephant, Tiger, Lion)- Block of four (Set of 5)Stamps India MNH - 1963 -Buy India Stamp - PhilaBasket (1).jpg","#BK99 - Everest Expedition- Block of four Stamps India MNH - 1965 -Buy India Stamp - PhilaBasket.Com.jpg.jpg","","","https://www.youtube.com/watch?v=dQw4w9WgXcQ","false"
"Specimen 101: USA 1998","Limited edition release with distinct overprints.",7711,9617,1998,"USA","Fine","[Special Interest]",46,"#BK04 - First Anniversary of Independence, Mahatma Gandhi Mourning Issue - Block of Four - India MNH - 15 Aug 1948 - Buy India Stamps - PhilaBasket (9).jpg","#BK54 - Bhikaiji cama- Block of four Stamps India MNH - 1962 -Buy India Stamp - PhilaBasket.Com.jpg.jpg","#BK96 - International Telecommunication Union - Block of Four - India MNH - 17 May 1965 - Buy India Stamps - PhilaBasket.com.jpg","#BK72 - Dr Annie Besant - Block of Four - India MNH - 01 Oct 1963 - Buy India Stamps - PhilaBasket.com.jpg","","true"
"Specimen 102: Great Britain 1967","Limited edition release with distinct overprints.",1992,2116,1967,"Great Britain","Fine","[International, Historical]",8,"#BK03 - Inauguration of Air India International - UK Air Service - Block of Four - India MNH - 29 May 1948 - Buy India Stamps - PhilaBasket.com (2).jpg","","","","","true"
"Specimen 103: USA 2018","A rare specimen with significant historical value.",4804,4957,2018,"USA","Mint","[International, Historical]",30,"#BK99 - Indian Mount Everest Expedition - Block of Four - India MNH - 15 Aug 1965 - Buy India Stamps - PhilaBasket.com.jpg","#BK72 - Dr Annie Besant - Block of Four - India MNH - 01 Oct 1963 - Buy India Stamps - PhilaBasket (2).jpg","#BK08 - First Asian Games - Block of Four - India MNH - 04 Mar 1951 - Buy India Stamps - PhilaBasket.com.jpg","#BK18 - Centenary of Sepoy Mutiny, Rani of Jhansi & Leaping Flames - Block of Four - India MNH - 15 Aug 1957 - Buy India Stamps - PhilaBasket.com (2).jpg","","false"
"Specimen 104: India 1843","Highly sought after series with unique characteristics.",9951,11792,1843,"India","Mint","[Special Interest]",4,"#BK98 - International Cooperation Year - Block of Four - India MNH - 26 Jun 1965 - Buy India Stamps - PhilaBasket.com.jpg","","","","","true"
"Specimen 105: Canada 2023","Limited edition release with distinct overprints.",3620,3845,2023,"Canada","Near Mint","[Special Interest]",8,"#BK95 - Abraham Lincoln - Block of Four - India MNH - 15 Apr 1965 - Buy India Stamps - PhilaBasket.com (5).jpg","#BK131 - Quit India Movement - Block of Four - India MNH - 01 Oct 1967 - Buy India Stamps - PhilaBasket.com.jpg","#BK112 - Maharaja Ranjit Singh - Block of Four - India MNH - 28 Jun 1966 - Buy India Stamps - PhilaBasket.com.jpg","","","true"
"Specimen 106: USA 1862","Highly sought after series with unique characteristics.",2128,3348,1862,"USA","Near Mint","[International, Historical]",29,"#BK33 - Thiruvalluvar - Block of Four - India MNH - 15 Feb 1960 - Buy India Stamps - PhilaBasket.com (2).jpg","#BK75 - Declaration of Human Rights- Block of four Stamps India MNH - 1963 -Buy India Stamp - PhilaBasket.Com.jpg.jpeg","","","","false"
"Specimen 107: India 1845","Highly sought after series with unique characteristics.",8583,10248,1845,"India","Used","[Postal History]",37,"#BK73 - Wild Life -  (Gaur, Red Panda, Elephant, Tiger, Lion)- Block of four (Set of 5)Stamps India MNH - 1963 -Buy India Stamp - PhilaBasket.Com.jpg","","","","","false"
"Specimen 108: Russia 1974","Highly sought after series with unique characteristics.",5468,5822,1974,"Russia","Fine","[International, Historical]",32,"#BK114 - Abul Kalam Azad - Block of Four - India MNH - 11 Nov 1966 - Buy India Stamps - PhilaBasket.com.jpg","#BK83 - Pandit Jawaharlal Nehru - Mourning- Block of four Stamps India MNH - 1964 -Buy India Stamp - PhilaBasket.com (3).jpg","#BK73 - Wild Life -  (Gaur, Red Panda, Elephant, Tiger, Lion)- Block of four (Set of 5)Stamps India MNH - 1963 -Buy India Stamp - PhilaBasket (1).jpg","","https://www.youtube.com/watch?v=dQw4w9WgXcQ","false"
"Specimen 109: France 1888","Highly sought after series with unique characteristics.",1510,1782,1888,"France","Fine","[Special Interest]",46,"#BK130 - Dr. Sarvepalli Radhakrishnan- Block of four Stamps India MNH - 1967 -Buy India Stamp - PhilaBasket.Com.jpg.jpg","main04.png","","","","true"
"Specimen 110: Great Britain 1846","Highly sought after series with unique characteristics.",1935,2061,1846,"Great Britain","Used","[International, Historical]",40,"#BK31 - Childrens Day - Block of Four - India MNH - 14 Nov 1959 - Buy India Stamps - PhilaBasket.com (2).jpg","#BK96 - International Telecommunication Union - Block of Four - India MNH - 17 May 1965 - Buy India Stamps - PhilaBasket.com.jpg","#BK07 - Geological Survey of India - Block of Four - India MNH - 13 Jan 1951 - Buy India Stamps - PhilaBasket.com (3).jpg","#BK90 - XXII International Geological Congress (New Delhi) - Block of Four - India MNH - 14 Dec 1964 - Buy India Stamps - PhilaBasket (2).jpg","","true"
"Specimen 111: Japan 1920","Essential for any serious philatelist.",9954,10061,1920,"Japan","Fine","[Classic, Rarities]",2,"#BK83 - Pandit Jawaharlal Nehru - Mourning- Block of four Stamps India MNH - 1964 -Buy India Stamp - PhilaBasket.Com (2).jpg","","","","","false"
"Specimen 112: USA 1971","A rare specimen with significant historical value.",500,2034,1971,"USA","Used","[International, Historical]",22,"#BK69 - Red Cross Centenary- Block of four Stamps India MNH - 1963 -Buy India Stamp - PhilaBasket.Com.jpg.jpg","stripe_logo.png","#BK40 - 50th Anniversary of First Flight official airmail Flight, Allahabad to Naini - Block of Four - India MNH - 18 Feb 1961 - Buy India Stamps - PhilaBasket.com.jpg","","https://www.youtube.com/watch?v=dQw4w9WgXcQ","true"
"Specimen 113: India 1852","Well-preserved item from a private collection.",3806,5257,1852,"India","Fine","[International, Historical]",40,"#BK20 - Red Cross- Block of four Stamps India MNH - 1957 -Buy India Stamp - PhilaBasket.Com.jpg.jpg","","","","https://www.youtube.com/watch?v=dQw4w9WgXcQ","false"
"Specimen 114: Canada 1923","Well-preserved item from a private collection.",4225,5884,1923,"Canada","Used","[Classic, Rarities]",46,"#BK04 - First Anniversary of Independence, Mahatma Gandhi Mourning Issue - Block of Four - India MNH - 15 Aug 1948 - Buy India Stamps - PhilaBasket (9).jpg","#BK32 - Childrens Day- Block of four Stamps India MNH - 1959 -Buy India Stamp - PhilaBasket.Com.jpg.jpg","#BK06 - Inauguration of Republic of India - Block of Four - India MNH - 26 Jan 1950 - Buy India Stamps - PhilaBasket (1).jpg","","","true"
"Specimen 115: Germany 1977","A rare specimen with significant historical value.",9737,11121,1977,"Germany","Mint","[Commemorative]",38,"#BK77 - Utkalmani Pandit Gopabandhu Das- Block of four Stamps India MNH - 1964 -Buy India Stamp - PhilaBasket.Com.jpg.jpg","","","","","false"
"Specimen 116: Australia 2011","Highly sought after series with unique characteristics.",2714,3089,2011,"Australia","Mint","[Classic, Rarities]",48,"#BK62 - Wild Life - Rhinoceros- Block of four Stamps India MNH - 1962 -Buy India Stamp - PhilaBasket.Com.jpg.jpg","#BK40 - Tyagaraja- Block of four Stamps India MNH - 1961 -Buy India Stamp - PhilaBasket.Com.jpg.jpg","mem.png","#BK31 - Childrens Day - Block of Four - India MNH - 14 Nov 1959 - Buy India Stamps - PhilaBasket.com.jpg","","true"
"Specimen 117: Russia 1908","Highly sought after series with unique characteristics.",2197,3806,1908,"Russia","Used","[International, Historical]",26,"#BK20 - Red Cross- Block of four Stamps India MNH - 1957 -Buy India Stamp - PhilaBasket.Com.jpg.jpg","#BK73 - Wild Life -  (Gaur, Red Panda, Elephant, Tiger, Lion)- Block of four (Set of 5)Stamps India MNH - 1963 -Buy India Stamp - PhilaBasket.Com (1).jpg","","","https://www.youtube.com/watch?v=dQw4w9WgXcQ","false"
"Specimen 118: Brazil 1915","Highly sought after series with unique characteristics.",2561,3243,1915,"Brazil","Mint","[Commemorative]",3,"#BK117 - Allahabad High Court- Block of four Stamps India MNH - 1966 -Buy India Stamp - PhilaBasket.Com.jpg.jpg","#BK41 - Shivaji - Block of Four - India MNH - 17 Apr 1961 - Buy India Stamps - PhilaBasket (3).jpg","#BK76 - Orientalists Congress- Block of four Stamps India MNH - 1964 -Buy India Stamp - PhilaBasket.Com.jpg.jpg","#BK18 - Centenary of Sepoy Mutiny, Rani of Jhansi & Leaping Flames - Block of Four - India MNH - 15 Aug 1957 - Buy India Stamps - PhilaBasket.com.jpg","https://www.youtube.com/watch?v=dQw4w9WgXcQ","true"
"Specimen 119: France 1888","Essential for any serious philatelist.",9525,9786,1888,"France","Mint","[Special Interest]",46,"stripe_logo.png","#BK108 - Dr. B. R. Ambedkar- Block of four Stamps India MNH - 1966 -Buy India Stamp - PhilaBasket.Com.jpg.jpg","#BK83 - Pandit Jawaharlal Nehru - Mourning- Block of four Stamps India MNH - 1964 -Buy India Stamp - PhilaBasket (1).jpg","","","false"
"Specimen 120: India 1860","Limited edition release with distinct overprints.",4157,5311,1860,"India","Used","[Commemorative]",12,"#BK83 - Pandit Jawaharlal Nehru - Mourning- Block of four Stamps India MNH - 1964 -Buy India Stamp - PhilaBasket.com (3).jpg","#BK95 - Abraham Lincoln - Block of Four - India MNH - 15 Apr 1965 - Buy India Stamps - PhilaBasket.com (4).jpg","","","","true"
"Specimen 121: Germany 1907","A rare specimen with significant historical value.",8073,8234,1907,"Germany","Mint","[Postal History]",7,"#BK46 - Prafulla Chandra Ray- Block of four Stamps India MNH - 1961 -Buy India Stamp - PhilaBasket.Com.jpg.jpg","#BK17 - Bal GangaDhar Tilak - Block of Four - India MNH - 23 Jul 1956 - Buy India Stamps - PhilaBasket.com.jpg","","","https://www.youtube.com/watch?v=dQw4w9WgXcQ","false"
"Specimen 122: USA 2003","A rare specimen with significant historical value.",928,2155,2003,"USA","Near Mint","[Classic, Rarities]",43,"#BK09 - Indian Saints and Poets - Kabir das, Surdas, Tulsidas, Meera, Galib, RavindraNath Tagore - Block of Four - India MNH - 01 Oct 1952 - Buy India Stamps - PhilaBasket.com.jpg","#BK105 - Jai Jawan- Block of four Stamps India MNH - 1966 -Buy India Stamp - PhilaBasket.Com.jpg.jpg","#BK06 - Inauguration of Republic of India - Block of Four - India MNH - 26 Jan 1950 - Buy India Stamps - PhilaBasket.com.jpg","","","false"
"Specimen 123: Russia 2018","Highly sought after series with unique characteristics.",9588,11378,2018,"Russia","Near Mint","[Special Interest]",26,"#BK63 - Conserve Wild Life - Rhinoceros - Block of Four - India MNH - 01 Oct 1962 - Buy India Stamps - PhilaBasket.com (3).jpg","#BK83 - Pandit Jawaharlal Nehru - Mourning- Block of four Stamps India MNH - 1964 -Buy India Stamp - PhilaBasket.Com.jpg","#BK121 - General Election - Block of Four - India MNH - 13 Jan 1967 - Buy India Stamps - PhilaBasket.com.jpg","#BK129 - Narayana Guru- Block of four Stamps India MNH - 1967 -Buy India Stamp - PhilaBasket.Com.jpg.jpg","https://www.youtube.com/watch?v=dQw4w9WgXcQ","false"
"Specimen 124: Germany 1892","Limited edition release with distinct overprints.",5913,7648,1892,"Germany","Fine","[Special Interest]",17,"#BK72 - Dr Annie Besant - Block of Four - India MNH - 01 Oct 1963 - Buy India Stamps - PhilaBasket (5).jpg","","","","https://www.youtube.com/watch?v=dQw4w9WgXcQ","false"
"Specimen 125: Great Britain 1846","Essential for any serious philatelist.",7342,8709,1846,"Great Britain","Fine","[Special Interest]",50,"#BK49 - Indian Industries Fair- Block of four Stamps India MNH - 1961 -Buy India Stamp - PhilaBasket.Com.jpg.jpg","#BK73 - Wild Life -  (Gaur, Red Panda, Elephant, Tiger, Lion)- Block of four (Set of 5)Stamps India MNH - 1963 -Buy India Stamp - PhilaBasket.Com (2).jpg","#BK101 - Sardar Vallabhbhai Patel - Block of Four - India MNH - 31 Oct 1965 - Buy India Stamps - PhilaBasket.com.jpg","#BK72 - Dr Annie Besant - Block of Four - India MNH - 01 Oct 1963 - Buy India Stamps - PhilaBasket (4).jpg","","true"
"Specimen 126: Germany 2005","Well-preserved item from a private collection.",9780,11287,2005,"Germany","Fine","[International, Historical]",10,"#BK77 - Utkalmani Pandit Gopabandhu Das- Block of four Stamps India MNH - 1964 -Buy India Stamp - PhilaBasket.Com.jpg.jpg","#BK04 - First Anniversary of Independence, Mahatma Gandhi Mourning Issue - Block of Four - India MNH - 15 Aug 1948 - Buy India Stamps - PhilaBasket (8).jpg","#BK117 - Allahabad High Court - Block of Four - India MNH - 25 Nov 1966 - Buy India Stamps - PhilaBasket.com.jpg","#BK41 - Shivaji - Block of Four - India MNH - 17 Apr 1961 - Buy India Stamps - PhilaBasket (3).jpg","","false"
"Specimen 127: Germany 2008","Well-preserved item from a private collection.",7346,8379,2008,"Germany","Near Mint","[Special Interest]",4,"#BK04 - First Anniversary of Independence, Mahatma Gandhi Mourning Issue - Block of Four - India MNH - 15 Aug 1948 - Buy India Stamps - PhilaBasket (8).jpg","#BK64 - Childrens Day 1962 - Block of Four - India MNH - 14 Nov 1962 - Buy India Stamps - PhilaBasket.com.jpg","","","","true"
"Specimen 128: Russia 2012","Limited edition release with distinct overprints.",8065,8955,2012,"Russia","Mint","[International, Historical]",44,"#BK99 - Indian Mount Everest Expedition - Block of Four - India MNH - 15 Aug 1965 - Buy India Stamps - PhilaBasket.com.jpg","#BK31 - Childrens Day - Block of Four - India MNH - 14 Nov 1959 - Buy India Stamps - PhilaBasket.com.jpg","#BK90 - XXII International Geological Congress (New Delhi) - Block of Four - India MNH - 14 Dec 1964 - Buy India Stamps - PhilaBasket (2).jpg","#BK17 - Bal GangaDhar Tilak - Block of Four - India MNH - 23 Jul 1956 - Buy India Stamps - PhilaBasket.com.jpg","","false"
"Specimen 129: Great Britain 2013","Highly sought after series with unique characteristics.",9277,9383,2013,"Great Britain","Mint","[Special Interest]",19,"#BK40 - 50th Anniversary of First Flight official airmail Flight, Allahabad to Naini - Block of Four - India MNH - 18 Feb 1961 - Buy India Stamps - PhilaBasket.com.jpg","","","","","false"
"Specimen 130: Canada 1864","A rare specimen with significant historical value.",2666,4515,1864,"Canada","Near Mint","[Special Interest]",22,"#BK11 - Railway Centenary- Block of four Stamps India MNH - 1953 -Buy India Stamp - PhilaBasket.Com.jpg.jpg","#BK40 - 50th Anniversary of First Flight official airmail Flight, Allahabad to Naini - Block of Four - India MNH - 18 Feb 1961 - Buy India Stamps - PhilaBasket.com.jpg","","","","false"
"Specimen 131: Canada 2007","Well-preserved item from a private collection.",8883,10532,2007,"Canada","Near Mint","[Commemorative]",19,"#BK15 - United Nations Day- Block of four Stamps India MNH - 1954 -Buy India Stamp - PhilaBasket.Com.jpg.jpg","#BK08 - First Asian Games - Block of Four - India MNH - 04 Mar 1951 - Buy India Stamps - PhilaBasket.com.jpg","#BK31 - Childrens Day - Block of Four - India MNH - 14 Nov 1959 - Buy India Stamps - PhilaBasket.com.jpg","","","true"
"Specimen 132: Germany 1984","Highly sought after series with unique characteristics.",2176,3519,1984,"Germany","Used","[Classic, Rarities]",47,"#BK14 - United Nations Day - Block of Four - India MNH - 24 Oct 1954 - Buy India Stamps - PhilaBasket.com.jpg","","","","https://www.youtube.com/watch?v=dQw4w9WgXcQ","false"
"Specimen 133: USA 1988","Well-preserved item from a private collection.",7029,8617,1988,"USA","Fine","[Postal History]",40,"#BK31 - Childrens Day - Block of Four - India MNH - 14 Nov 1959 - Buy India Stamps - PhilaBasket.com (2).jpg","","","","","true"
"Specimen 134: Russia 1963","Limited edition release with distinct overprints.",4770,5992,1963,"Russia","Used","[Postal History]",20,"#BK113 - Homi Bhaba - Block of Four - India MNH - 04 Aug 1966 - Buy India Stamps - PhilaBasket.com (2).jpg","#BK31 - Childrens Day - Block of Four - India MNH - 14 Nov 1959 - Buy India Stamps - PhilaBasket.com.jpg","#BK62 - Wild Life - Rhinoceros- Block of four Stamps India MNH - 1962 -Buy India Stamp - PhilaBasket.Com.jpg.jpg","","","true"
"Specimen 135: Russia 1920","Highly sought after series with unique characteristics.",5018,5906,1920,"Russia","Mint","[Special Interest]",7,"#BK101 - Sardar Vallabhbhai Patel - Block of Four - India MNH - 31 Oct 1965 - Buy India Stamps - PhilaBasket.com.jpg","#BK18 - Centenary of Sepoy Mutiny, Rani of Jhansi & Leaping Flames - Block of Four - India MNH - 15 Aug 1957 - Buy India Stamps - PhilaBasket.com (2).jpg","","","","true"
"Specimen 136: Germany 1925","Well-preserved item from a private collection.",4928,5956,1925,"Germany","Near Mint","[Commemorative]",3,"#BK41-~2.JPG","#BK40 - 50th Anniversary of First Flight official airmail Flight, Allahabad to Naini - Block of Four - India MNH - 18 Feb 1961 - Buy India Stamps - PhilaBasket.com (2).jpg","","","","false"
"Specimen 137: Germany 1850","Highly sought after series with unique characteristics.",8575,10114,1850,"Germany","Used","[Commemorative]",5,"#BK03 - Inauguration of Air India International - UK Air Service - Block of Four - India MNH - 29 May 1948 - Buy India Stamps - PhilaBasket.com.jpg","stripe_logo.png","","","","true"
"Specimen 138: Great Britain 2003","A rare specimen with significant historical value.",5827,6673,2003,"Great Britain","Used","[Commemorative]",27,"#BK86 - Raja Rammmohan Roy- Block of four Stamps India MNH - 1964 -Buy India Stamp - PhilaBasket.Com.jpg.jpg","#BK83 - Pandit Jawaharlal Nehru - Mourning- Block of four Stamps India MNH - 1964 -Buy India Stamp - PhilaBasket.com (3).jpg","","","https://www.youtube.com/watch?v=dQw4w9WgXcQ","false"
"Specimen 139: Great Britain 2003","Limited edition release with distinct overprints.",8068,8338,2003,"Great Britain","Mint","[Commemorative]",11,"#BK106 - Lal Bahadur Shastri - Block of Four - India MNH - 26 Jan 1966 - Buy India Stamps - PhilaBasket.com.jpg","#BK63 - Conserve Wild Life - Rhinoceros - Block of Four - India MNH - 01 Oct 1962 - Buy India Stamps - PhilaBasket.com (3).jpg","","","","true"
"Specimen 140: Australia 2005","Essential for any serious philatelist.",8432,8749,2005,"Australia","Mint","[International, Historical]",14,"#BK33 - Thiruvalluvar - Block of Four - India MNH - 15 Feb 1960 - Buy India Stamps - PhilaBasket.com.jpg","#BK33 - Thiruvalluvar - Block of Four - India MNH - 15 Feb 1960 - Buy India Stamps - PhilaBasket.com (2).jpg","#BK99 - Everest Expedition- Block of four Stamps India MNH - 1965 -Buy India Stamp - PhilaBasket.Com.jpg.jpg","","","false"
"Specimen 141: USA 1944","Highly sought after series with unique characteristics.",888,2206,1944,"USA","Near Mint","[Postal History]",19,"#BK04 - First Anniversary of Independence, Mahatma Gandhi Mourning Issue - Block of Four - India MNH - 15 Aug 1948 - Buy India Stamps - PhilaBasket (9).jpg","#BK76 - Orientalists Congress- Block of four Stamps India MNH - 1964 -Buy India Stamp - PhilaBasket.Com.jpg.jpg","","","","true"
"Specimen 142: Japan 1899","Essential for any serious philatelist.",8292,9428,1899,"Japan","Fine","[International, Historical]",38,"#BK73 - Wild Life -  (Gaur, Red Panda, Elephant, Tiger, Lion)- Block of four (Set of 5)Stamps India MNH - 1963 -Buy India Stamp - PhilaBasket (2).jpg","","","","","true"
"Specimen 143: Japan 1850","Highly sought after series with unique characteristics.",4296,5332,1850,"Japan","Fine","[International, Historical]",26,"#BK06 - Inauguration of Republic of India - Block of Four - India MNH - 26 Jan 1950 - Buy India Stamps - PhilaBasket.com.jpg","#BK63 - Conserve Wild Life - Rhinoceros - Block of Four - India MNH - 01 Oct 1962 - Buy India Stamps - PhilaBasket.com (2).jpg","#BK54 - Bhikaiji cama- Block of four Stamps India MNH - 1962 -Buy India Stamp - PhilaBasket.Com.jpg.jpg","#BK21 - Childrens Day - (Boy eating banana, Girl writing on a slate, Toy Horse)- Block of four (Set of 3)Stamps India MNH - 1957 -Buy India Stamp - PhilaBasket.Com (1).jpg","https://www.youtube.com/watch?v=dQw4w9WgXcQ","false"
"Specimen 144: Canada 1978","Essential for any serious philatelist.",6628,7075,1978,"Canada","Near Mint","[Classic, Rarities]",37,"main04.png","#BK18 - Centenary of Sepoy Mutiny, Rani of Jhansi & Leaping Flames - Block of Four - India MNH - 15 Aug 1957 - Buy India Stamps - PhilaBasket.com (2).jpg","#BK79 - Netaji Subhash Chandra Bose  and INA Insignia- Block of four (Set of 2)Stamps India MNH - 1964 -Buy India Stamp - PhilaBasket.Com.jpg.jpg","#BK03 - Inauguration of Air India International - UK Air Service - Block of Four - India MNH - 29 May 1948 - Buy India Stamps - PhilaBasket.com (2).jpg","","false"
"Specimen 145: Russia 1876","Well-preserved item from a private collection.",8541,9657,1876,"Russia","Near Mint","[Classic, Rarities]",40,"#BK07 - Geological Survey of India - Block of Four - India MNH - 13 Jan 1951 - Buy India Stamps - PhilaBasket.com.jpg","#BK05 - 75th Anniversary of Universal Postal Union - Block of Four - India MNH - 10 Oct 1949 - Buy India Stamps - PhilaBasket.com (2).jpg","#BK40 - 50th Anniversary of First Flight official airmail Flight, Allahabad to Naini - Block of Four - India MNH - 18 Feb 1961 - Buy India Stamps - PhilaBasket.com.jpg","","","true"
"Specimen 146: France 2019","A rare specimen with significant historical value.",4965,6953,2019,"France","Used","[Classic, Rarities]",21,"#BK40 - 50th Anniversary of First Flight official airmail Flight, Allahabad to Naini - Block of Four - India MNH - 18 Feb 1961 - Buy India Stamps - PhilaBasket.com.jpg","#BK72 - Dr Annie Besant - Block of Four - India MNH - 01 Oct 1963 - Buy India Stamps - PhilaBasket (4).jpg","#BK115 - Swami Rama Tirtha - Block of Four - India MNH - 11 Nov 1966 - Buy India Stamps - PhilaBasket.com (2).jpg","#BK114 - Abul Kalam Azad - Block of Four - India MNH - 11 Nov 1966 - Buy India Stamps - PhilaBasket.com.jpg","https://www.youtube.com/watch?v=dQw4w9WgXcQ","false"
"Specimen 147: USA 1867","Well-preserved item from a private collection.",742,2423,1867,"USA","Mint","[Special Interest]",50,"#BK103 - Vidyapati- Block of four Stamps India MNH - 1965 -Buy India Stamp - PhilaBasket.Com.jpg.jpg","#BK70 - Defense Campaign - (Artillery and Helicopter, Sentry and Parachutists)- Block of four (Set of 2)Stamps India MNH - 1963 -Buy India Stamp - PhilaBasket.Com.jpg.jpg","#BK72 - Dr Annie Besant - Block of Four - India MNH - 01 Oct 1963 - Buy India Stamps - PhilaBasket.com.jpg","","","false"
"Specimen 148: Germany 1937","Essential for any serious philatelist.",2595,3951,1937,"Germany","Fine","[Special Interest]",29,"#BK41 - Shivaji - Block of Four - India MNH - 17 Apr 1961 - Buy India Stamps - PhilaBasket (1).jpeg","","","","","true"
"Specimen 149: Russia 1987","Limited edition release with distinct overprints.",1121,2031,1987,"Russia","Fine","[Classic, Rarities]",32,"#BK10 - Saints and poets - (Kabir, Tulsidas, MiraBai, Surdas, Mirza Galib, Rabindranath Tagore) - Block of four (Set of 6)Stamps India MNH - 1952 -Buy India Stamp - PhilaBasket.Com.jpg.jpg","","","","https://www.youtube.com/watch?v=dQw4w9WgXcQ","false"
"Specimen 150: Russia 1972","Well-preserved item from a private collection.",5502,7253,1972,"Russia","Mint","[Classic, Rarities]",29,"#BK06 - Inauguration of Republic of India - Block of Four - India MNH - 26 Jan 1950 - Buy India Stamps - PhilaBasket (1).jpg","#BK72 - Dr Annie Besant - Block of Four - India MNH - 01 Oct 1963 - Buy India Stamps - PhilaBasket (2).jpg","#BK03 - Inauguration of Air India International - UK Air Service - Block of Four - India MNH - 29 May 1948 - Buy India Stamps - PhilaBasket.com.jpg","","https://www.youtube.com/watch?v=dQw4w9WgXcQ","false"
"Specimen 151: Brazil 1851","Limited edition release with distinct overprints.",4443,4716,1851,"Brazil","Mint","[Classic, Rarities]",10,"#BK79 - Netaji Subhash Chandra Bose  and INA Insignia- Block of four (Set of 2)Stamps India MNH - 1964 -Buy India Stamp - PhilaBasket.Com.jpg.jpg","","","","","false"
"Specimen 152: Great Britain 1896","A rare specimen with significant historical value.",7018,8627,1896,"Great Britain","Fine","[Special Interest]",29,"#BK76 - International Congress of Orientalists, New Delhi - Block of Four - India MNH - 04 Jan 1964 - Buy India Stamps - PhilaBasket.com (2).jpg","#BK63 - Conserve Wild Life - Rhinoceros - Block of Four - India MNH - 01 Oct 1962 - Buy India Stamps - PhilaBasket.com (2).jpg","#BK04 - First Anniversary of Independence, Mahatma Gandhi Mourning Issue - Block of Four - India MNH - 15 Aug 1948 - Buy India Stamps - PhilaBasket (5).jpg","","https://www.youtube.com/watch?v=dQw4w9WgXcQ","true"
"Specimen 153: USA 1969","Well-preserved item from a private collection.",9116,10122,1969,"USA","Used","[Commemorative]",32,"#BK54 - Bhikaiji cama- Block of four Stamps India MNH - 1962 -Buy India Stamp - PhilaBasket.Com.jpg.jpg","#BK58 - Malaria Eradication- Block of four Stamps India MNH - 1962 -Buy India Stamp - PhilaBasket.Com.jpg.jpg","","","","true"
"Specimen 154: Germany 1985","Highly sought after series with unique characteristics.",8512,9290,1985,"Germany","Mint","[Classic, Rarities]",48,"#BK10 - Saints and poets - (Kabir, Tulsidas, MiraBai, Surdas, Mirza Galib, Rabindranath Tagore) - Block of four (Set of 6)Stamps India MNH - 1952 -Buy India Stamp - PhilaBasket.Com.jpg.jpg","#BK26 - B. C. Pal- Block of four Stamps India MNH - 1958 -Buy India Stamp - PhilaBasket.Com.jpg.jpg","","","","true"
"Specimen 155: India 1959","Well-preserved item from a private collection.",6143,7051,1959,"India","Mint","[Postal History]",3,"#BK08 - First Asian Games - Block of Four - India MNH - 04 Mar 1951 - Buy India Stamps - PhilaBasket.com (3).jpg","","","","","false"
"Specimen 156: Brazil 1934","Essential for any serious philatelist.",7518,9322,1934,"Brazil","Fine","[Classic, Rarities]",36,"#BK117 - Allahabad High Court - Block of Four - India MNH - 25 Nov 1966 - Buy India Stamps - PhilaBasket.com.jpg","#BK08 - First Asian Games - Block of Four - India MNH - 04 Mar 1951 - Buy India Stamps - PhilaBasket.com (3).jpg","#BK117 - Allahabad High Court- Block of four Stamps India MNH - 1966 -Buy India Stamp - PhilaBasket.Com.jpg.jpg","#BK70 - Defense Campaign - (Artillery and Helicopter, Sentry and Parachutists)- Block of four (Set of 2)Stamps India MNH - 1963 -Buy India Stamp - PhilaBasket.Com.jpg.jpg","","false"
"Specimen 157: Great Britain 1875","Well-preserved item from a private collection.",2639,3295,1875,"Great Britain","Mint","[Classic, Rarities]",27,"#BK63 - Conserve Wild Life - Rhinoceros - Block of Four - India MNH - 01 Oct 1962 - Buy India Stamps - PhilaBasket.com.jpg","#BK72 - Dr Annie Besant - Block of Four - India MNH - 01 Oct 1963 - Buy India Stamps - PhilaBasket.com.jpg","","","https://www.youtube.com/watch?v=dQw4w9WgXcQ","false"
"Specimen 158: France 1905","Well-preserved item from a private collection.",8298,9654,1905,"France","Used","[Special Interest]",33,"#BK06 - Inauguration of Republic of India - Block of Four - India MNH - 26 Jan 1950 - Buy India Stamps - PhilaBasket.com.jpg","#BK115 - Swami Rama Tirtha - Block of Four - India MNH - 11 Nov 1966 - Buy India Stamps - PhilaBasket.com.jpg","#BK18 - Centenary of Sepoy Mutiny, Rani of Jhansi & Leaping Flames - Block of Four - India MNH - 15 Aug 1957 - Buy India Stamps - PhilaBasket.com (3).jpg","","","false"
"Specimen 159: France 1926","Highly sought after series with unique characteristics.",2848,3186,1926,"France","Near Mint","[Classic, Rarities]",18,"#BK04 - First Anniversary of Independence, Mahatma Gandhi Mourning Issue - Block of Four - India MNH - 15 Aug 1948 - Buy India Stamps - PhilaBasket (1).jpg","#BK117 - Allahabad High Court - Block of Four - India MNH - 25 Nov 1966 - Buy India Stamps - PhilaBasket.com (2).jpg","#BK05 - 75th Anniversary of Universal Postal Union - Block of Four - India MNH - 10 Oct 1949 - Buy India Stamps - PhilaBasket.com (2).jpg","#BK31 - Childrens Day - Block of Four - India MNH - 14 Nov 1959 - Buy India Stamps - PhilaBasket.com (3).jpg","","false"
"Specimen 160: Russia 1930","Essential for any serious philatelist.",2587,3872,1930,"Russia","Near Mint","[Classic, Rarities]",15,"#BK62 - Wild Life - Rhinoceros- Block of four Stamps India MNH - 1962 -Buy India Stamp - PhilaBasket.Com.jpg.jpg","#BK85 - Sri Aurobindo- Block of four Stamps India MNH - 1964 -Buy India Stamp - PhilaBasket.Com.jpg.jpg","#BK83 - Pandit Jawaharlal Nehru - Mourning- Block of four Stamps India MNH - 1964 -Buy India Stamp - PhilaBasket.Com (2).jpg","","","true"
"Specimen 161: Australia 1865","Well-preserved item from a private collection.",7869,8217,1865,"Australia","Mint","[International, Historical]",8,"#BK73 - Wild Life -  (Gaur, Red Panda, Elephant, Tiger, Lion)- Block of four (Set of 5)Stamps India MNH - 1963 -Buy India Stamp - PhilaBasket.Com (2).jpg","#BK33 - Thiruvalluvar - Block of Four - India MNH - 15 Feb 1960 - Buy India Stamps - PhilaBasket.com (2).jpg","","","","true"
"Specimen 162: France 1892","Essential for any serious philatelist.",7138,7597,1892,"France","Fine","[Commemorative]",31,"#BK72 - Dr Annie Besant - Block of Four - India MNH - 01 Oct 1963 - Buy India Stamps - PhilaBasket (3).jpg","#BK121 - General Election- Block of four Stamps India MNH - 1967 -Buy India Stamp - PhilaBasket.Com.jpg.jpg","#BK08 - First Asian Games - Block of Four - India MNH - 04 Mar 1951 - Buy India Stamps - PhilaBasket.com (2).jpg","","","false"
"Specimen 163: Brazil 1893","Well-preserved item from a private collection.",6986,8214,1893,"Brazil","Near Mint","[Special Interest]",39,"#BK41 - Shivaji - Block of Four - India MNH - 17 Apr 1961 - Buy India Stamps - PhilaBasket (2).jpg","","","","https://www.youtube.com/watch?v=dQw4w9WgXcQ","false"
"Specimen 164: USA 1982","Well-preserved item from a private collection.",5917,6144,1982,"USA","Fine","[Postal History]",8,"#BK40 - 50th Anniversary of First Flight official airmail Flight, Allahabad to Naini - Block of Four - India MNH - 18 Feb 1961 - Buy India Stamps - PhilaBasket.com.jpg","#BK131 - Quit India Movement - Block of Four - India MNH - 01 Oct 1967 - Buy India Stamps - PhilaBasket.com.jpg","#BK72 - Dr Annie Besant - Block of Four - India MNH - 01 Oct 1963 - Buy India Stamps - PhilaBasket (3).jpg","","","true"
"Specimen 165: Australia 1868","Highly sought after series with unique characteristics.",882,2859,1868,"Australia","Mint","[International, Historical]",43,"#BK77 - Utkalmani Pandit Gopabandhu Das- Block of four Stamps India MNH - 1964 -Buy India Stamp - PhilaBasket.Com.jpg.jpg","#BK73 - Wild Life -  (Gaur, Red Panda, Elephant, Tiger, Lion)- Block of four (Set of 5)Stamps India MNH - 1963 -Buy India Stamp - PhilaBasket (2).jpg","#BK08 - First Asian Games - Block of Four - India MNH - 04 Mar 1951 - Buy India Stamps - PhilaBasket.com (3).jpg","","https://www.youtube.com/watch?v=dQw4w9WgXcQ","false"
"Specimen 166: Russia 1997","A rare specimen with significant historical value.",6075,7690,1997,"Russia","Mint","[Classic, Rarities]",46,"#BK41 - Shivaji - Block of Four - India MNH - 17 Apr 1961 - Buy India Stamps - PhilaBasket (1).jpeg","#BK31 - Childrens Day - Block of Four - India MNH - 14 Nov 1959 - Buy India Stamps - PhilaBasket.com (3).jpg","#BK73 - Wild Life -  (Gaur, Red Panda, Elephant, Tiger, Lion)- Block of four (Set of 5)Stamps India MNH - 1963 -Buy India Stamp - PhilaBasket.Com (2).jpg","#BK115 - Swami Rama Tirtha - Block of Four - India MNH - 11 Nov 1966 - Buy India Stamps - PhilaBasket.com (2).jpg","","true"
"Specimen 167: France 1963","Essential for any serious philatelist.",6158,8017,1963,"France","Near Mint","[Classic, Rarities]",8,"#BK11 - Railway Centenary- Block of four Stamps India MNH - 1953 -Buy India Stamp - PhilaBasket.Com.jpg.jpg","#BK75 - Declaration of Human Rights- Block of four Stamps India MNH - 1963 -Buy India Stamp - PhilaBasket.Com.jpg.jpeg","","","","false"
"Specimen 168: Australia 1868","A rare specimen with significant historical value.",6289,7021,1868,"Australia","Near Mint","[Special Interest]",17,"#BK04 - First Anniversary of Independence, Mahatma Gandhi Mourning Issue - Block of Four - India MNH - 15 Aug 1948 - Buy India Stamps - PhilaBasket (6).jpg","#BK12 - Conquest of Mount Everest - Block of four (Set of 2)Stamps India MNH - 1953 -Buy India Stamp - PhilaBasket.Com.jpg.jpg","","","","false"
"Specimen 169: India 1908","Limited edition release with distinct overprints.",2291,3366,1908,"India","Used","[International, Historical]",24,"#BK07 - Geological Survey of India - Block of Four - India MNH - 13 Jan 1951 - Buy India Stamps - PhilaBasket.com (2).jpg","120px-Bankim_Chandra_Chatterjee_1969_stamp_of_India.jpg","","","","false"
"Specimen 170: Brazil 1906","A rare specimen with significant historical value.",1303,2508,1906,"Brazil","Fine","[Commemorative]",17,"#BK03 - Inauguration of Air India International - UK Air Service - Block of Four - India MNH - 29 May 1948 - Buy India Stamps - PhilaBasket.com.jpg","#BK31 - Childrens Day - Block of Four - India MNH - 14 Nov 1959 - Buy India Stamps - PhilaBasket.com (3).jpg","#BK15 - United Nations Day- Block of four Stamps India MNH - 1954 -Buy India Stamp - PhilaBasket.Com.jpg.jpg","","","false"
"Specimen 171: India 1970","Limited edition release with distinct overprints.",4271,5392,1970,"India","Near Mint","[Commemorative]",2,"#BK40 - 50th Anniversary of First Flight official airmail Flight, Allahabad to Naini - Block of Four - India MNH - 18 Feb 1961 - Buy India Stamps - PhilaBasket.com (2).jpg","#BK116 - Childrens Day - Block of Four - India MNH - 14 Nov 1966 - Buy India Stamps - PhilaBasket.com.jpg","#BK04 - First Anniversary of Independence, Mahatma Gandhi Mourning Issue - Block of Four - India MNH - 15 Aug 1948 - Buy India Stamps - PhilaBasket (5).jpg","","","false"
"Specimen 172: Brazil 1848","Well-preserved item from a private collection.",8452,8572,1848,"Brazil","Used","[Special Interest]",16,"#BK41-~1.JPG","#BK131 - Quit India Movement- Block of four Stamps India MNH - 1967 -Buy India Stamp - PhilaBasket.Com.jpg.jpg","#BK04 - First Anniversary of Independence, Mahatma Gandhi Mourning Issue - Block of Four - India MNH - 15 Aug 1948 - Buy India Stamps - PhilaBasket (5).jpg","","https://www.youtube.com/watch?v=dQw4w9WgXcQ","true"
"Specimen 173: Great Britain 1913","Highly sought after series with unique characteristics.",2102,2840,1913,"Great Britain","Fine","[Classic, Rarities]",43,"#BK115 - Swami Rama Tirtha - Block of Four - India MNH - 11 Nov 1966 - Buy India Stamps - PhilaBasket.com (2).jpg","#BK08 - First Asian Games - Block of Four - India MNH - 04 Mar 1951 - Buy India Stamps - PhilaBasket.com (2).jpg","#BK115 - Swami Rama Tirtha - Block of Four - India MNH - 11 Nov 1966 - Buy India Stamps - PhilaBasket.com.jpg","#BK76 - Orientalists Congress- Block of four Stamps India MNH - 1964 -Buy India Stamp - PhilaBasket.Com.jpg.jpg","","true"
"Specimen 174: USA 1898","A rare specimen with significant historical value.",9070,10825,1898,"USA","Mint","[Postal History]",10,"#BK25 - IAF Silver Jubilee- Block of four (Set of 2)Stamps India MNH - 1958 -Buy India Stamp - PhilaBasket.Com.jpg.jpg","#BK07 - Geological Survey of India - Block of Four - India MNH - 13 Jan 1951 - Buy India Stamps - PhilaBasket.com (2).jpg","","","","true"
"Specimen 175: Australia 1977","Highly sought after series with unique characteristics.",1795,3708,1977,"Australia","Near Mint","[International, Historical]",11,"stripe_logo.png","bal.jpg","#BK98 - International Cooperation Year - Block of Four - India MNH - 26 Jun 1965 - Buy India Stamps - PhilaBasket.com.jpg","#BK58 - Malaria Eradication- Block of four Stamps India MNH - 1962 -Buy India Stamp - PhilaBasket.Com.jpg.jpg","","false"
"Specimen 176: Great Britain 1993","Limited edition release with distinct overprints.",6773,8311,1993,"Great Britain","Fine","[Commemorative]",34,"#BK117 - Allahabad High Court - Block of Four - India MNH - 25 Nov 1966 - Buy India Stamps - PhilaBasket.com.jpg","main02.png","#BK111 - Mahavir Prasad Dwivedi- Block of four Stamps India MNH - 1966 -Buy India Stamp - PhilaBasket.Com.jpg.jpg","","","true"
"Specimen 177: Australia 1917","Well-preserved item from a private collection.",9922,10715,1917,"Australia","Mint","[Special Interest]",44,"#BK08 - First Asian Games - Block of Four - India MNH - 04 Mar 1951 - Buy India Stamps - PhilaBasket.com (2).jpg","#BK73 - Wild Life -  (Gaur, Red Panda, Elephant, Tiger, Lion)- Block of four (Set of 5)Stamps India MNH - 1963 -Buy India Stamp - PhilaBasket.Com (1).jpg","","","","true"
"Specimen 178: India 1928","Essential for any serious philatelist.",8625,10495,1928,"India","Near Mint","[International, Historical]",40,"#BK06 - Inauguration of Republic of India - Block of Four - India MNH - 26 Jan 1950 - Buy India Stamps - PhilaBasket (1).jpg","#BK32 - Childrens Day- Block of four Stamps India MNH - 1959 -Buy India Stamp - PhilaBasket.Com.jpg.jpg","#BK73 - Wild Life -  (Gaur, Red Panda, Elephant, Tiger, Lion)- Block of four (Set of 5)Stamps India MNH - 1963 -Buy India Stamp - PhilaBasket.Com.jpg","","","false"
"Specimen 179: Australia 1946","Essential for any serious philatelist.",5771,6446,1946,"Australia","Mint","[Special Interest]",41,"#BK98 - International Cooperation Year- Block of four Stamps India MNH - 1965 -Buy India Stamp - PhilaBasket.Com.jpg.jpg","#BK54 - Bhikaiji cama- Block of four Stamps India MNH - 1962 -Buy India Stamp - PhilaBasket.Com.jpg.jpg","#BK95 - Abraham Lincoln - Block of Four - India MNH - 15 Apr 1965 - Buy India Stamps - PhilaBasket.com (5).jpg","#BK20 - Red Cross- Block of four Stamps India MNH - 1957 -Buy India Stamp - PhilaBasket.Com.jpg.jpg","","false"
"Specimen 180: Canada 1916","A rare specimen with significant historical value.",4232,4823,1916,"Canada","Fine","[Special Interest]",15,"#BK04 - First Anniversary of Independence, Mahatma Gandhi Mourning Issue - Block of Four - India MNH - 15 Aug 1948 - Buy India Stamps - PhilaBasket (2).jpg","#BK22 - Universities Centenary - (Bombay, Calcutta , Madras)- Block of four (Set of 3)Stamps India MNH - 1957 -Buy India Stamp - PhilaBasket.Com.jpg.jpg","#BK73 - Wild Life -  (Gaur, Red Panda, Elephant, Tiger, Lion)- Block of four (Set of 5)Stamps India MNH - 1963 -Buy India Stamp - PhilaBasket (2).jpg","","https://www.youtube.com/watch?v=dQw4w9WgXcQ","true"
"Specimen 181: Brazil 1999","Essential for any serious philatelist.",1368,3051,1999,"Brazil","Used","[Commemorative]",43,"#BK90 - XXII International Geological Congress (New Delhi) - Block of Four - India MNH - 14 Dec 1964 - Buy India Stamps - PhilaBasket.com.jpg","#BK86 - Raja Rammohan Roy - Block of Four - India MNH - 27 Sep 1964 - Buy India Stamps - PhilaBasket.com.jpg","#BK40 - Tyagaraja- Block of four Stamps India MNH - 1961 -Buy India Stamp - PhilaBasket.Com.jpg.jpg","","https://www.youtube.com/watch?v=dQw4w9WgXcQ","true"
"Specimen 182: Russia 1943","Highly sought after series with unique characteristics.",8413,10206,1943,"Russia","Mint","[Classic, Rarities]",35,"#BK37 - Dr. M. Visvesvaraya- Block of four Stamps India MNH - 1960 -Buy India Stamp - PhilaBasket.Com.jpg.jpg","","","","","false"
"Specimen 183: USA 1998","Limited edition release with distinct overprints.",4191,5844,1998,"USA","Fine","[International, Historical]",11,"#BK114 - Abul Kalam Azad - Block of Four - India MNH - 11 Nov 1966 - Buy India Stamps - PhilaBasket.com.jpg","#BK94 - National Maritime Day, Vizag - Block of Four - India MNH - 05 Apr 1965 - Buy India Stamps - PhilaBasket.com.jpg","","","","false"
"Specimen 184: Japan 1856","Highly sought after series with unique characteristics.",4408,5558,1856,"Japan","Mint","[International, Historical]",44,"#BK15 - 4th World Forestry Congress, Dehradun 1954 - Block of Four - India MNH - 11 Dec 1954 - Buy India Stamps - PhilaBasket.com.jpg","main02.png","main03.png","","https://www.youtube.com/watch?v=dQw4w9WgXcQ","true"
"Specimen 185: Japan 1893","Essential for any serious philatelist.",8026,8322,1893,"Japan","Mint","[Classic, Rarities]",11,"#BK33 - Thiruvalluvar - Block of Four - India MNH - 15 Feb 1960 - Buy India Stamps - PhilaBasket.com (2).jpg","#BK41-~2.JPG","","","","false"
"Specimen 186: Canada 1905","Essential for any serious philatelist.",4297,5816,1905,"Canada","Fine","[International, Historical]",22,"#BK41-~2.JPG","#BK77 - Utkalmani Pandit Gopabandhu Das- Block of four Stamps India MNH - 1964 -Buy India Stamp - PhilaBasket.Com.jpg.jpg","#BK05 - 75th Anniversary of Universal Postal Union - Block of Four - India MNH - 10 Oct 1949 - Buy India Stamps - PhilaBasket.com.jpg","main01.png","","true"
"Specimen 187: Germany 1855","Highly sought after series with unique characteristics.",3729,4590,1855,"Germany","Near Mint","[Postal History]",19,"#BK129 - Narayana Guru- Block of four Stamps India MNH - 1967 -Buy India Stamp - PhilaBasket.Com.jpg.jpg","#BK04 - First Anniversary of Independence, Mahatma Gandhi Mourning Issue - Block of Four - India MNH - 15 Aug 1948 - Buy India Stamps - PhilaBasket (9).jpg","#BK20 - Red Cross- Block of four Stamps India MNH - 1957 -Buy India Stamp - PhilaBasket.Com.jpg.jpg","#BK63 - Conserve Wild Life - Rhinoceros - Block of Four - India MNH - 01 Oct 1962 - Buy India Stamps - PhilaBasket.com (2).jpg","https://www.youtube.com/watch?v=dQw4w9WgXcQ","true"
"Specimen 188: Japan 1987","A rare specimen with significant historical value.",6106,6561,1987,"Japan","Mint","[Postal History]",30,"#BK40 - Tyagaraja- Block of four Stamps India MNH - 1961 -Buy India Stamp - PhilaBasket.Com.jpg.jpg","#BK83 - Jawaharlal Nehru 1889 - 1964 - Block of Four - India MNH - 12 Jun 1964 - Buy India Stamps - PhilaBasket.com.jpg","","","","false"
"Specimen 189: India 1968","Essential for any serious philatelist.",2924,3545,1968,"India","Near Mint","[Special Interest]",9,"#BK130 - Dr. Sarvepalli Radhakrishnan- Block of four Stamps India MNH - 1967 -Buy India Stamp - PhilaBasket.Com.jpg.jpg","#BK04 - First Anniversary of Independence, Mahatma Gandhi Mourning Issue - Block of Four - India MNH - 15 Aug 1948 - Buy India Stamps - PhilaBasket (6).jpg","","","","true"
"Specimen 190: India 1938","Essential for any serious philatelist.",1858,2967,1938,"India","Mint","[Commemorative]",15,"#BK22 - Universities Centenary - (Bombay, Calcutta , Madras)- Block of four (Set of 3)Stamps India MNH - 1957 -Buy India Stamp - PhilaBasket.Com.jpg.jpg","#BK14-~1.JPG","#BK73 - Wild Life -  (Gaur, Red Panda, Elephant, Tiger, Lion)- Block of four (Set of 5)Stamps India MNH - 1963 -Buy India Stamp - PhilaBasket (1).jpg","","https://www.youtube.com/watch?v=dQw4w9WgXcQ","false"
"Specimen 191: Great Britain 1968","Essential for any serious philatelist.",6088,6802,1968,"Great Britain","Used","[International, Historical]",19,"#BK108 - Dr. B. R. Ambedkar- Block of four Stamps India MNH - 1966 -Buy India Stamp - PhilaBasket.Com.jpg.jpg","#BK14-~1.JPG","#BK07 - Geological Survey of India - Block of Four - India MNH - 13 Jan 1951 - Buy India Stamps - PhilaBasket.com (2).jpg","#BK41 - Shivaji - Block of Four - India MNH - 17 Apr 1961 - Buy India Stamps - PhilaBasket.com.jpg","","true"
"Specimen 192: USA 1889","Well-preserved item from a private collection.",7957,9328,1889,"USA","Used","[Postal History]",4,"#BK20 - Red Cross- Block of four Stamps India MNH - 1957 -Buy India Stamp - PhilaBasket.Com.jpg.jpg","#BK12 - Conquest of Mount Everest - Block of four (Set of 2)Stamps India MNH - 1953 -Buy India Stamp - PhilaBasket.Com.jpg.jpg","","","","true"
"Specimen 193: France 1924","Essential for any serious philatelist.",5165,5348,1924,"France","Used","[Postal History]",36,"#BK86 - Raja Rammohan Roy - Block of Four - India MNH - 27 Sep 1964 - Buy India Stamps - PhilaBasket.com.jpg","#BK31 - International Labour Organisation- Block of four Stamps India MNH - 1959 -Buy India Stamp - PhilaBasket.Com.jpg.jpg","#BK33 - Thiruvalluvar - Block of Four - India MNH - 15 Feb 1960 - Buy India Stamps - PhilaBasket.com.jpg","#BK04 - First Anniversary of Independence, Mahatma Gandhi Mourning Issue - Block of Four - India MNH - 15 Aug 1948 - Buy India Stamps - PhilaBasket (3).jpg","","false"
"Specimen 194: India 1877","Highly sought after series with unique characteristics.",6467,8175,1877,"India","Near Mint","[Classic, Rarities]",45,"#BK131 - Quit India Movement - Block of Four - India MNH - 01 Oct 1967 - Buy India Stamps - PhilaBasket.com (2).jpg","#BK31 - International Labour Organisation- Block of four Stamps India MNH - 1959 -Buy India Stamp - PhilaBasket.Com.jpg.jpg","#BK41 - Shivaji - Block of Four - India MNH - 17 Apr 1961 - Buy India Stamps - PhilaBasket (2).jpg","#BK90 - XXII International Geological Congress (New Delhi) - Block of Four - India MNH - 14 Dec 1964 - Buy India Stamps - PhilaBasket (2).jpg","","false"
"Specimen 195: Brazil 1875","Essential for any serious philatelist.",8323,9701,1875,"Brazil","Fine","[Classic, Rarities]",28,"#BK62 - Wild Life - Rhinoceros- Block of four Stamps India MNH - 1962 -Buy India Stamp - PhilaBasket.Com.jpg.jpg","","","","","false"
"Specimen 196: Great Britain 2006","Essential for any serious philatelist.",9174,11011,2006,"Great Britain","Near Mint","[Special Interest]",33,"#BK96 - International Telecommunication Union - Block of Four - India MNH - 17 May 1965 - Buy India Stamps - PhilaBasket.com.jpg","#BK07 - Geological Survey of India - Block of Four - India MNH - 13 Jan 1951 - Buy India Stamps - PhilaBasket.com (2).jpg","#BK31 - Childrens Day - Block of Four - India MNH - 14 Nov 1959 - Buy India Stamps - PhilaBasket.com (3).jpg","#BK114 - Abul Kalam Azad - Block of Four - India MNH - 11 Nov 1966 - Buy India Stamps - PhilaBasket.com.jpg","","true"
"Specimen 197: France 1977","Essential for any serious philatelist.",8969,9604,1977,"France","Used","[International, Historical]",35,"#BK112 - Maharaja Ranjit Singh - Block of Four - India MNH - 28 Jun 1966 - Buy India Stamps - PhilaBasket.com.jpg","#BK113 - Homi Bhaba - Block of Four - India MNH - 04 Aug 1966 - Buy India Stamps - PhilaBasket.com (2).jpg","#BK18 - Centenary of Sepoy Mutiny, Rani of Jhansi & Leaping Flames - Block of Four - India MNH - 15 Aug 1957 - Buy India Stamps - PhilaBasket.com (2).jpg","","","false"
"Specimen 198: USA 1860","A rare specimen with significant historical value.",2681,4269,1860,"USA","Near Mint","[Commemorative]",37,"#BK114 - Abul Kalam Azad - Block of Four - India MNH - 11 Nov 1966 - Buy India Stamps - PhilaBasket.com.jpg","#BK99 - Indian Mount Everest Expedition - Block of Four - India MNH - 15 Aug 1965 - Buy India Stamps - PhilaBasket.com.jpg","","","","false"
"Specimen 199: Russia 1923","Highly sought after series with unique characteristics.",4554,6276,1923,"Russia","Mint","[Classic, Rarities]",19,"#BK106 - Lal Bahadur Shastri - Block of Four - India MNH - 26 Jan 1966 - Buy India Stamps - PhilaBasket.com.jpg","#BK41 - Shivaji - Block of Four - India MNH - 17 Apr 1961 - Buy India Stamps - PhilaBasket (1).jpg","#BK95 - Abraham Lincoln - Block of Four - India MNH - 15 Apr 1965 - Buy India Stamps - PhilaBasket.com (5).jpg","#BK06 - Inauguration of Republic of India - Block of Four - India MNH - 26 Jan 1950 - Buy India Stamps - PhilaBasket (1).jpg","","false"
"Specimen 200: Russia 2016","Highly sought after series with unique characteristics.",9572,9786,2016,"Russia","Near Mint","[Classic, Rarities]",32,"#BK86 - Raja Rammohan Roy - Block of Four - India MNH - 27 Sep 1964 - Buy India Stamps - PhilaBasket.com.jpg","#BK20 - Red Cross- Block of four Stamps India MNH - 1957 -Buy India Stamp - PhilaBasket.Com.jpg.jpg","","","","false"
